Rk,Player,Nation,Pos,Squad,Age,Born,MP,Starts,Min,90s,Gls,Ast,G+A,G-PK,PK,PKatt,CrdY,CrdR,Gls,Ast,G+A,G-PK,G+A-PK,Matches
1,Brenden Aaronson,us USA,"MF,FW",Leeds United,25-201,2000,34,27,"2,239",24.9,4,5,9,4,0,0,2,0,0.16,0.2,0.36,0.16,0.36,Matches
2,Zach Abbott,eng ENG,DF,Nottingham Forest,19-363,2006,3,2,164,1.8,0,0,0,0,0,0,0,0,0,0,0,0,0,Matches
3,Tammy Abraham,eng ENG,FW,Aston Villa,28-221,1997,12,2,286,3.2,2,0,2,2,0,0,0,0,0.63,0,0.63,0.63,0.63,Matches
4,Joshua Acheampong,eng ENG,DF,Chelsea,20-006,2006,15,7,587,6.5,1,0,1,1,0,0,1,0,0.15,0,0.15,0.15,0.15,Matches
5,Tyler Adams,us USA,MF,Bournemouth,27-086,1999,23,19,"1,593",17.7,2,2,4,2,0,0,7,0,0.11,0.11,0.23,0.11,0.23,Matches
6,Tosin Adarabioyo,eng ENG,DF,Chelsea,28-229,1997,16,8,795,8.8,0,0,0,0,0,0,2,0,0,0,0,0,0,Matches
7,Simon Adingra,ci CIV,"MF,FW",Sunderland,24-130,2002,14,9,653,7.3,1,0,1,1,0,0,2,0,0.14,0,0.14,0.14,0.14,Matches
8,Amine Adli,ma MAR,MF,Bournemouth,26-001,2000,30,10,"1,076",12,3,1,4,3,0,0,2,0,0.25,0.08,0.33,0.25,0.33,Matches
9,Emmanuel Agbadou,ci CIV,DF,Wolves,28-328,1997,14,12,"1,101",12.2,0,0,0,0,0,0,1,1,0,0,0,0,0,Matches
10,Nayef Aguerd,ma MAR,DF,West Ham United,30-042,1996,2,2,180,2,0,0,0,0,0,0,0,0,0,0,0,0,0,Matches
11,Ola Aina,ng NGA,DF,Nottingham Forest,29-215,1996,18,18,"1,588",17.6,0,0,0,0,0,0,3,0,0,0,0,0,0,Matches
12,Rayan Aït-Nouri,dz ALG,DF,Manchester City,24-339,2001,15,11,870,9.7,0,2,2,0,0,0,2,0,0,0.21,0.21,0,0.21,Matches
13,Kristoffer Ajer,no NOR,DF,Brentford,28-024,1998,26,19,"1,729",19.2,0,1,1,0,0,0,4,0,0,0.05,0.05,0,0.05,Matches
14,Nathan Aké,nl NED,DF,Manchester City,31-082,1995,16,5,586,6.5,0,0,0,0,0,0,1,0,0,0,0,0,0,Matches
15,Carlos Alcaraz,ar ARG,MF,Everton,23-162,2002,19,6,682,7.6,0,1,1,0,0,0,4,0,0,0.13,0.13,0,0.13,Matches
16,Omar Alderete,py PAR,DF,Sunderland,29-136,1996,32,31,"2,776",30.8,1,1,2,1,0,0,6,0,0.03,0.03,0.06,0.03,0.06,Matches
17,Alisson,br BRA,GK,Liverpool,33-221,1992,25,25,"2,250",25,0,0,0,0,0,0,1,0,0,0,0,0,0,Matches
18,Max Alleyne,eng ENG,DF,Manchester City,20-294,2005,2,2,135,1.5,0,0,0,0,0,0,0,0,0,0,0,0,0,Matches
19,Jaydon Amauri Banel,nl NED,"FW,MF",Burnley,21-204,2004,1,0,10,0.1,0,0,0,0,0,0,0,0,0,0,0,0,0,Matches
20,Zeki Amdouni,ch SUI,"FW,MF",Burnley,25-158,2000,2,0,27,0.3,0,0,0,0,0,0,0,0,0,0,0,0,0,Matches
21,Ethan Ampadu,wls WAL,MF,Leeds United,25-239,2000,32,32,"2,849",31.7,1,1,2,1,0,0,9,0,0.03,0.03,0.06,0.03,0.06,Matches
22,Joachim Andersen,dk DEN,DF,Fulham,29-345,1996,33,33,"2,875",31.9,0,1,1,0,0,0,7,1,0,0.03,0.03,0,0.03,Matches
23,Elliot Anderson,eng ENG,MF,Nottingham Forest,23-186,2002,36,35,"3,177",35.3,4,2,6,3,1,1,7,0,0.11,0.06,0.17,0.08,0.14,Matches
24,André,br BRA,MF,Wolves,24-299,2001,33,28,"2,582",28.7,1,0,1,1,0,0,11,0,0.03,0,0.03,0.03,0.03,Matches
25,Nilson Angulo,ec ECU,MF,Sunderland,22-326,2003,6,3,268,3,0,0,0,0,0,0,0,0,0,0,0,0,0,Matches
Rk,Player,Nation,Pos,Squad,Age,Born,MP,Starts,Min,90s,Gls,Ast,G+A,G-PK,PK,PKatt,CrdY,CrdR,Gls,Ast,G+A,G-PK,G+A-PK,Matches
26,Jaidon Anthony,eng ENG,MF,Burnley,26-161,1999,35,30,"2,548",28.3,8,2,10,8,0,0,4,0,0.28,0.07,0.35,0.28,0.35,Matches
27,Alphonse Areola,fr FRA,GK,West Ham United,33-073,1993,20,20,"1,800",20,0,1,1,0,0,0,0,0,0,0.05,0.05,0,0.05,Matches
28,Jhon Arias,co COL,"FW,MF",Wolves,28-232,1997,23,14,"1,124",12.5,1,0,1,1,0,0,1,0,0.08,0,0.08,0.08,0.08,Matches
29,Adam Armstrong,eng ENG,"FW,MF",Wolves,29-090,1997,12,12,996,11.1,1,2,3,1,0,0,3,0,0.09,0.18,0.27,0.09,0.27,Matches
30,Harrison Armstrong,eng ENG,MF,Everton,19-112,2007,12,6,500,5.6,0,0,0,0,0,0,0,0,0,0,0,0,0,Matches
31,Tolu Arokodare,ng NGA,FW,Wolves,25-169,2000,31,13,"1,375",15.3,3,1,4,3,0,1,1,0,0.2,0.07,0.26,0.2,0.26,Matches
32,Taiwo Awoniyi,ng NGA,FW,Nottingham Forest,28-272,1997,15,3,444,4.9,4,1,5,4,0,0,1,0,0.81,0.2,1.01,0.81,1.01,Matches
33,Yasin Ayari,se SWE,MF,Brighton,22-217,2003,28,20,"1,920",21.3,3,3,6,3,0,0,1,0,0.14,0.14,0.28,0.14,0.28,Matches
34,Benoît Badiashile,fr FRA,DF,Chelsea,25-046,2001,8,6,471,5.2,0,0,0,0,0,0,2,0,0,0,0,0,0,Matches
35,Leon Bailey,jm JAM,MF,Aston Villa,28-275,1997,12,2,369,4.1,0,1,1,0,0,0,1,0,0,0.24,0.24,0,0.24,Matches
36,Dilane Bakwa,fr FRA,MF,Nottingham Forest,23-258,2002,13,6,532,5.9,0,2,2,0,0,0,1,0,0,0.34,0.34,0,0.34,Matches
37,Carlos Baleba,cm CMR,MF,Brighton,22-128,2004,29,22,"1,539",17.1,0,0,0,0,0,0,5,0,0,0,0,0,0,Matches
38,Daniel Ballard,nir NIR,DF,Sunderland,26-231,1999,29,24,"2,149",23.9,2,0,2,2,0,0,4,1,0.08,0,0.08,0.08,0.08,Matches
39,Ross Barkley,eng ENG,MF,Aston Villa,32-157,1993,19,6,727,8.1,3,0,3,3,0,0,1,0,0.37,0,0.37,0.37,0.37,Matches
40,Ashley Barnes,eng ENG,"FW,MF",Burnley,36-193,1989,6,0,40,0.4,0,0,0,0,0,0,1,0,0,0,0,0,0,Matches
41,Harvey Barnes,eng ENG,"FW,MF",Newcastle United,28-153,1997,35,18,"1,847",20.5,7,0,7,7,0,0,1,0,0.34,0,0.34,0.34,0.34,Matches
42,Thierno Barry,fr FRA,FW,Everton,23-202,2002,36,20,"1,813",20.1,8,0,8,8,0,0,3,0,0.4,0,0.4,0.4,0.4,Matches
43,Calvin Bassey,ng NGA,DF,Fulham,26-131,1999,28,26,"2,354",26.2,1,0,1,1,0,0,5,0,0.04,0,0.04,0.04,0.04,Matches
44,Altay Bayındır,tr TUR,GK,Manchester Utd,28-027,1998,6,6,540,6,0,0,0,0,0,0,0,0,0,0,0,0,0,Matches
45,Jean-Ricner Bellegarde,ht HAI,"MF,FW",Wolves,27-318,1998,25,15,"1,236",13.7,1,1,2,1,0,0,5,0,0.07,0.07,0.15,0.07,0.15,Matches
46,Walter Benítez,ar ARG,GK,Crystal Palace,33-112,1993,1,1,90,1,0,0,0,0,0,0,0,0,0,0,0,0,0,Matches
47,Rodrigo Bentancur,uy URU,MF,Tottenham Hotspur,28-320,1997,23,20,"1,632",18.1,1,1,2,1,0,0,7,0,0.06,0.06,0.11,0.06,0.11,Matches
48,Daniel Bentley,eng ENG,GK,Wolves,32-302,1993,3,3,270,3,0,0,0,0,0,0,0,0,0,0,0,0,0,Matches
49,Sander Berge,no NOR,MF,Fulham,28-086,1998,33,32,"2,770",30.8,0,1,1,0,0,0,5,0,0,0.03,0.03,0,0.03,Matches
50,Lucas Bergvall,se SWE,MF,Tottenham Hotspur,20-098,2006,22,11,955,10.6,1,3,4,1,0,0,2,0,0.09,0.28,0.38,0.09,0.38,Matches
Rk,Player,Nation,Pos,Squad,Age,Born,MP,Starts,Min,90s,Gls,Ast,G+A,G-PK,PK,PKatt,CrdY,CrdR,Gls,Ast,G+A,G-PK,G+A-PK,Matches
51,Beto,gw GNB,FW,Everton,28-100,1998,35,16,"1,489",16.5,9,1,10,9,0,0,3,0,0.54,0.06,0.6,0.54,0.6,Matches
52,Jaka Bijol,si SVN,DF,Leeds United,27-095,1999,22,18,"1,641",18.2,1,2,3,1,0,0,3,0,0.05,0.11,0.16,0.05,0.16,Matches
53,Yves Bissouma,ml MLI,MF,Tottenham Hotspur,29-254,1996,11,7,603,6.7,0,0,0,0,0,0,4,0,0,0,0,0,0,Matches
54,Marco Bizot,nl NED,GK,Aston Villa,35-062,1991,6,5,495,5.5,0,0,0,0,0,0,2,0,0,0,0,0,0,Matches
55,Oscar Bobb,no NOR,"MF,FW",Manchester City,22-303,2003,9,5,468,5.2,0,1,1,0,0,0,1,0,0,0.19,0.19,0,0.19,Matches
56,Oscar Bobb,no NOR,MF,Fulham,22-303,2003,12,4,422,4.7,0,0,0,0,0,0,0,0,0,0,0,0,0,Matches
57,Lamare Bogarde,nl NED,"MF,DF",Aston Villa,22-126,2004,27,10,981,10.9,0,0,0,0,0,0,5,0,0,0,0,0,0,Matches
58,Jayden Bogle,eng ENG,"MF,DF",Leeds United,25-288,2000,33,31,"2,716",30.2,1,2,3,1,0,0,6,0,0.03,0.07,0.1,0.03,0.1,Matches
59,Sebastiaan Bornauw,be BEL,DF,Leeds United,27-050,1999,9,4,304,3.4,0,0,0,0,0,0,1,0,0,0,0,0,0,Matches
60,Olivier Boscagli,fr FRA,DF,Brighton,28-174,1997,12,9,802,8.9,0,1,1,0,0,0,2,0,0,0.11,0.11,0,0.11,Matches
61,Sven Botman,nl NED,DF,Newcastle United,26-119,2000,23,19,"1,655",18.4,1,1,2,1,0,0,2,0,0.05,0.05,0.11,0.05,0.11,Matches
62,Jarrod Bowen,eng ENG,"MF,FW",West Ham United,29-142,1996,36,36,"3,223",35.8,8,10,18,7,1,1,4,0,0.22,0.28,0.5,0.2,0.47,Matches
63,Conor Bradley,nir NIR,DF,Liverpool,22-306,2003,15,12,929,10.3,0,1,1,0,0,0,5,0,0,0.1,0.1,0,0.1,Matches
64,Jarrad Branthwaite,eng ENG,DF,Everton,23-318,2002,10,7,680,7.6,1,0,1,1,0,0,1,0,0.13,0,0.13,0.13,0.13,Matches
65,Brian Brobbey,nl NED,FW,Sunderland,24-099,2002,29,20,"1,791",19.9,6,1,7,6,0,0,6,0,0.3,0.05,0.35,0.3,0.35,Matches
66,Armando Broja,al ALB,FW,Burnley,24-243,2001,24,8,860,9.6,1,1,2,1,0,0,0,0,0.1,0.1,0.21,0.1,0.21,Matches
67,David Brooks,wls WAL,MF,Bournemouth,28-307,1997,30,13,"1,197",13.3,1,3,4,1,0,0,7,0,0.08,0.23,0.3,0.08,0.3,Matches
68,Jacob Bruun Larsen,dk DEN,"MF,FW",Burnley,27-234,1998,26,10,"1,015",11.3,0,1,1,0,0,0,0,0,0,0.09,0.09,0,0.09,Matches
69,Emi Buendía,ar ARG,MF,Aston Villa,29-137,1996,34,19,"1,581",17.6,6,2,8,6,0,0,6,0,0.34,0.11,0.46,0.34,0.46,Matches
70,Hugo Bueno,es ESP,"MF,DF",Wolves,23-235,2002,33,26,"2,343",26,1,2,3,1,0,0,3,0,0.04,0.08,0.12,0.04,0.12,Matches
71,Santiago Bueno,uy URU,DF,Wolves,27-183,1998,27,26,"2,373",26.4,3,1,4,3,0,0,4,0,0.11,0.04,0.15,0.11,0.15,Matches
72,Facundo Buonanotte,ar ARG,MF,Chelsea,21-139,2004,1,1,45,0.5,0,0,0,0,0,0,0,0,0,0,0,0,0,Matches
73,Facundo Buonanotte,ar ARG,MF,Leeds United,21-139,2004,2,0,26,0.3,0,0,0,0,0,0,1,0,0,0,0,0,0,Matches
74,Dan Burn,eng ENG,DF,Newcastle United,34-002,1992,27,24,"2,100",23.3,1,2,3,1,0,0,11,1,0.04,0.09,0.13,0.04,0.13,Matches
75,Bradley Burrowes,eng ENG,MF,Aston Villa,18-068,2008,1,0,17,0.2,0,0,0,0,0,0,0,0,0,0,0,0,0,Matches
Rk,Player,Nation,Pos,Squad,Age,Born,MP,Starts,Min,90s,Gls,Ast,G+A,G-PK,PK,PKatt,CrdY,CrdR,Gls,Ast,G+A,G-PK,G+A-PK,Matches
76,Jun'ai Byfield,eng ENG,DF,Tottenham Hotspur,17-156,2008,1,0,1,0,0,0,0,0,0,0,0,0,0,0,0,0,0,Matches
77,Sam Byram,eng ENG,"DF,MF",Leeds United,32-237,1993,1,0,8,0.1,0,0,0,0,0,0,0,0,0,0,0,0,0,Matches
78,Moisés Caicedo,ec ECU,MF,Chelsea,24-190,2001,31,30,"2,621",29.1,3,1,4,3,0,0,11,1,0.1,0.03,0.14,0.1,0.14,Matches
79,Tom Cairney,sct SCO,MF,Fulham,35-111,1991,23,6,744,8.3,1,0,1,1,0,0,3,0,0.12,0,0.12,0.12,0.12,Matches
80,Riccardo Calafiori,it ITA,DF,Arsenal,23-357,2002,24,20,"1,583",17.6,1,2,3,1,0,0,5,0,0.06,0.11,0.17,0.06,0.17,Matches
81,Dominic Calvert-Lewin,eng ENG,FW,Leeds United,29-056,1997,32,27,"2,473",27.5,12,1,13,9,3,4,2,0,0.44,0.04,0.47,0.33,0.36,Matches
82,Jaydee Canvot,fr FRA,DF,Crystal Palace,19-286,2006,18,12,"1,156",12.8,0,0,0,0,0,0,3,0,0,0,0,0,0,Matches
83,Fabio Carvalho,pt POR,MF,Brentford,23-254,2002,6,1,102,1.1,1,0,1,1,0,0,0,0,0.88,0,0.88,0.88,0.88,Matches
84,Casemiro,br BRA,MF,Manchester Utd,34-077,1992,33,32,"2,491",27.7,9,2,11,9,0,0,10,1,0.33,0.07,0.4,0.33,0.4,Matches
85,Matty Cash,pl POL,DF,Aston Villa,28-277,1997,33,33,"2,879",32,3,3,6,3,0,0,8,0,0.09,0.09,0.19,0.09,0.19,Matches
86,Timothy Castagne,be BEL,"DF,MF",Fulham,30-157,1995,28,18,"1,665",18.5,0,0,0,0,0,0,4,0,0,0,0,0,0,Matches
87,Valentín Castellanos,ar ARG,FW,West Ham United,27-220,1998,16,16,"1,232",13.7,4,0,4,4,0,0,6,0,0.29,0,0.29,0.29,0.29,Matches
88,Trevoh Chalobah,eng ENG,DF,Chelsea,26-310,1999,32,31,"2,740",30.4,3,0,3,3,0,0,3,1,0.1,0,0.1,0.1,0.1,Matches
89,Rayan Cherki,fr FRA,MF,Manchester City,22-267,2003,30,19,"1,706",19,4,11,15,4,0,0,1,0,0.21,0.58,0.79,0.21,0.79,Matches
90,Federico Chiesa,it ITA,MF,Liverpool,28-198,1997,25,1,314,3.5,2,1,3,2,0,0,3,0,0.57,0.29,0.86,0.57,0.86,Matches
91,Tawanda Chirewa,zw ZIM,MF,Wolves,22-211,2003,2,0,27,0.3,0,0,0,0,0,0,0,0,0,0,0,0,0,Matches
92,Ryan Christie,sct SCO,MF,Bournemouth,31-078,1995,26,9,993,11,2,0,2,2,0,0,3,1,0.18,0,0.18,0.18,0.18,Matches
93,Samuel Chukwueze,ng NGA,MF,Fulham,26-354,1999,22,10,"1,067",11.9,3,4,7,3,0,0,0,0,0.25,0.34,0.59,0.25,0.59,Matches
94,Dennis Cirkin,lv LVA,DF,Sunderland,24-035,2002,8,3,323,3.6,0,0,0,0,0,0,2,0,0,0,0,0,0,Matches
95,Nathaniel Clyne,eng ENG,MF,Crystal Palace,35-036,1991,8,6,495,5.5,0,1,1,0,0,0,1,0,0,0.18,0.18,0,0.18,Matches
96,Séamus Coleman,ie IRL,DF,Everton,37-212,1988,3,1,11,0.1,0,0,0,0,0,0,0,0,0,0,0,0,0,Matches
97,Nathan Collins,ie IRL,DF,Brentford,25-011,2001,33,30,"2,795",31.1,1,2,3,1,0,0,6,0,0.03,0.06,0.1,0.03,0.1,Matches
98,Levi Colwill,eng ENG,DF,Chelsea,23-074,2003,2,1,135,1.5,0,0,0,0,0,0,0,0,0,0,0,0,0,Matches
99,Lewis Cook,eng ENG,"MF,DF",Bournemouth,29-097,1997,16,8,872,9.7,0,1,1,0,0,0,1,1,0,0.1,0.1,0,0.1,Matches
100,Diego Coppola,it ITA,DF,Brighton,22-134,2003,5,2,194,2.2,0,0,0,0,0,0,2,0,0,0,0,0,0,Matches
Rk,Player,Nation,Pos,Squad,Age,Born,MP,Starts,Min,90s,Gls,Ast,G+A,G-PK,PK,PKatt,CrdY,CrdR,Gls,Ast,G+A,G-PK,G+A-PK,Matches
101,Marc Cucurella,es ESP,DF,Chelsea,27-293,1998,32,29,"2,527",28.1,1,4,5,1,0,0,7,1,0.04,0.14,0.18,0.04,0.18,Matches
102,Jorge Cuenca,es ESP,DF,Fulham,26-175,1999,14,11,933,10.4,0,0,0,0,0,0,5,0,0,0,0,0,0,Matches
103,Josh Cullen,ie IRL,MF,Burnley,30-034,1996,18,18,"1,514",16.8,2,2,4,2,0,0,2,0,0.12,0.12,0.24,0.12,0.24,Matches
104,Jair Cunha,br BRA,DF,Nottingham Forest,21-065,2005,7,5,448,5,0,0,0,0,0,0,0,0,0,0,0,0,0,Matches
105,Matheus Cunha,br BRA,"MF,FW",Manchester Utd,26-349,1999,32,28,"2,415",26.8,9,2,11,9,0,0,4,0,0.34,0.07,0.41,0.34,0.41,Matches
106,Diogo Dalot,pt POR,"DF,MF",Manchester Utd,27-054,1999,33,28,"2,524",28,1,3,4,1,0,0,5,0,0.04,0.11,0.14,0.04,0.14,Matches
107,Mikkel Damsgaard,dk DEN,MF,Brentford,25-312,2000,31,23,"1,956",21.7,4,4,8,4,0,0,0,0,0.18,0.18,0.37,0.18,0.37,Matches
108,Kevin Danso,at AUT,DF,Tottenham Hotspur,27-234,1998,21,14,"1,224",13.6,0,0,0,0,0,0,7,0,0,0,0,0,0,Matches
109,Karl Darlow,wls WAL,GK,Leeds United,35-215,1990,19,19,"1,710",19,0,0,0,0,0,0,1,0,0,0,0,0,0,Matches
110,Josh Dasilva,eng ENG,MF,Brentford,27-200,1998,1,0,1,0,0,0,0,0,0,0,0,0,0,0,0,0,0,Matches
111,Ben Davies,wls WAL,DF,Tottenham Hotspur,33-017,1993,3,2,137,1.5,1,0,1,1,0,0,1,0,0.66,0,0.66,0.66,0.66,Matches
112,Maxim De Cuyper,be BEL,"DF,MF",Brighton,25-140,2000,28,15,"1,280",14.2,2,3,5,2,0,0,2,0,0.14,0.21,0.35,0.14,0.35,Matches
113,Liam Delap,eng ENG,FW,Chelsea,23-092,2003,26,11,"1,013",11.3,1,0,1,1,0,0,3,0,0.09,0,0.09,0.09,0.09,Matches
114,Sepp van den Berg,nl NED,DF,Brentford,24-142,2001,30,29,"2,664",29.6,0,1,1,0,0,0,2,0,0,0.03,0.03,0,0.03,Matches
115,Jesse Derry,eng ENG,MF,Chelsea,18-315,2007,1,1,44,0.5,0,0,0,0,0,0,0,0,0,0,0,0,0,Matches
116,Justin Devenny,nir NIR,"MF,FW",Crystal Palace,22-212,2003,20,6,706,7.8,1,0,1,0,1,1,0,0,0.13,0,0.13,0,0,Matches
117,Kiernan Dewsbury-Hall,eng ENG,MF,Everton,27-247,1998,29,28,"2,453",27.3,8,4,12,8,0,0,6,0,0.29,0.15,0.44,0.29,0.44,Matches
118,Bafodé Diakité,fr FRA,DF,Bournemouth,25-125,2001,18,15,"1,277",14.2,0,0,0,0,0,0,1,0,0,0,0,0,0,Matches
119,Amad Diallo,ci CIV,MF,Manchester Utd,23-304,2002,30,25,"2,161",24,2,2,4,2,0,0,2,0,0.08,0.08,0.17,0.08,0.17,Matches
120,Habib Diarra,sn SEN,MF,Sunderland,22-128,2004,18,15,"1,361",15.1,2,1,3,1,1,1,5,0,0.13,0.07,0.2,0.07,0.13,Matches
121,Rúben Dias,pt POR,DF,Manchester City,28-362,1997,25,23,"2,051",22.8,2,0,2,2,0,0,3,0,0.09,0,0.09,0.09,0.09,Matches
122,Tyler Dibling,eng ENG,MF,Everton,20-060,2006,14,4,358,4,0,0,0,0,0,0,2,0,0,0,0,0,0,Matches
123,Lucas Digne,fr FRA,DF,Aston Villa,32-295,1993,30,20,"1,762",19.6,0,5,5,0,0,0,3,0,0,0.26,0.26,0,0.26,Matches
124,Issa Diop,ma MAR,DF,Fulham,29-122,1997,11,6,641,7.1,0,0,0,0,0,0,2,0,0,0,0,0,0,Matches
125,El Hadji Malick Diouf,sn SEN,"DF,MF",West Ham United,21-134,2004,30,28,"2,527",28.1,0,5,5,0,0,0,5,0,0,0.18,0.18,0,0.18,Matches
Rk,Player,Nation,Pos,Squad,Age,Born,MP,Starts,Min,90s,Gls,Ast,G+A,G-PK,PK,PKatt,CrdY,CrdR,Gls,Ast,G+A,G-PK,G+A-PK,Matches
126,Axel Disasi,fr FRA,DF,West Ham United,28-061,1998,12,12,"1,074",11.9,0,0,0,0,0,0,1,0,0,0,0,0,0,Matches
127,Matt Doherty,ie IRL,"DF,MF",Wolves,34-115,1992,11,11,787,8.7,0,0,0,0,0,0,4,0,0,0,0,0,0,Matches
128,Jeremy Doku,be BEL,"MF,FW",Manchester City,23-349,2002,27,18,"1,662",18.5,5,5,10,5,0,0,0,0,0.27,0.27,0.54,0.27,0.54,Matches
129,Nicolás Domínguez,ar ARG,MF,Nottingham Forest,27-317,1998,25,16,"1,080",12,1,1,2,1,0,0,3,0,0.08,0.08,0.17,0.08,0.17,Matches
130,Gianluigi Donnarumma,it ITA,GK,Manchester City,27-075,1999,32,32,"2,880",32,0,0,0,0,0,0,7,0,0,0,0,0,0,Matches
131,Romelle Donovan,eng ENG,FW,Brentford,19-162,2006,4,0,41,0.5,0,0,0,0,0,0,0,0,0,0,0,0,0,Matches
132,Patrick Dorgu,dk DEN,MF,Manchester Utd,21-197,2004,24,14,"1,377",15.3,3,3,6,3,0,0,5,0,0.2,0.2,0.39,0.2,0.39,Matches
133,Max Dowman,eng ENG,MF,Arsenal,16-131,2009,5,0,96,1.1,1,0,1,1,0,0,0,0,0.94,0,0.94,0.94,0.94,Matches
134,Radu Dr_gu_in,ro ROU,DF,Tottenham Hotspur,24-097,2002,9,5,516,5.7,0,0,0,0,0,0,0,0,0,0,0,0,0,Matches
135,Joél Drakes-Thomas,eng ENG,MF,Crystal Palace,16-336,2009,2,0,9,0.1,0,0,0,0,0,0,0,0,0,0,0,0,0,Matches
136,Martin Dúbravka,sk SVK,GK,Burnley,37-116,1989,35,35,"3,150",35,0,0,0,0,0,0,1,0,0,0,0,0,0,Matches
137,Lewis Dunk,eng ENG,DF,Brighton,34-171,1991,31,29,"2,658",29.5,1,0,1,1,0,0,10,0,0.03,0,0.03,0.03,0.03,Matches
138,George Earthy,eng ENG,MF,West Ham United,21-248,2004,1,0,9,0.1,0,0,0,0,0,0,0,0,0,0,0,0,0,Matches
139,Odsonne Édouard,fr FRA,FW,Crystal Palace,28-115,1998,1,0,3,0,0,0,0,0,0,0,0,0,0,0,0,0,0,Matches
140,Tom Edozie,eng ENG,MF,Wolves,19-358,2006,3,0,14,0.2,1,0,1,1,0,0,0,0,6.43,0,6.43,6.43,6.43,Matches
141,Alysson Edward,br BRA,MF,Aston Villa,20-006,2006,3,0,49,0.5,0,0,0,0,0,0,0,0,0,0,0,0,0,Matches
142,Marcus Edwards,eng ENG,"MF,FW",Burnley,27-159,1998,22,11,"1,051",11.7,1,3,4,1,0,0,0,0,0.09,0.26,0.34,0.09,0.34,Matches
143,Hjalmar Ekdal,se SWE,DF,Burnley,27-202,1998,19,17,"1,539",17.1,0,0,0,0,0,0,0,0,0,0,0,0,0,Matches
144,Hugo Ekitike,fr FRA,FW,Liverpool,23-325,2002,28,21,"1,803",20,11,4,15,11,0,0,0,0,0.55,0.2,0.75,0.55,0.75,Matches
145,Anthony Elanga,se SWE,"FW,MF",Newcastle United,24-014,2002,30,14,"1,288",14.3,0,1,1,0,0,0,0,0,0,0.07,0.07,0,0.07,Matches
146,Melker Ellborg,se SWE,GK,Sunderland,22-354,2003,3,3,270,3,0,0,0,0,0,0,0,0,0,0,0,0,0,Matches
147,Harvey Elliott,eng ENG,MF,Aston Villa,23-037,2003,4,1,112,1.2,0,0,0,0,0,0,0,0,0,0,0,0,0,Matches
148,Harvey Elliott,eng ENG,"FW,MF",Liverpool,23-037,2003,1,0,1,0,0,0,0,0,0,0,0,0,0,0,0,0,0,Matches
149,Wataru Endo,jp JPN,DF,Liverpool,33-091,1993,8,1,175,1.9,0,1,1,0,0,0,1,0,0,0.51,0.51,0,0.51,Matches
150,Romain Esse,eng ENG,MF,Crystal Palace,20-363,2005,4,0,44,0.5,0,0,0,0,0,0,0,0,0,0,0,0,0,Matches
Rk,Player,Nation,Pos,Squad,Age,Born,MP,Starts,Min,90s,Gls,Ast,G+A,G-PK,PK,PKatt,CrdY,CrdR,Gls,Ast,G+A,G-PK,G+A-PK,Matches
151,Dario Essugo,pt POR,MF,Chelsea,21-058,2005,2,0,28,0.3,0,0,0,0,0,0,1,0,0,0,0,0,0,Matches
152,Maxime Estève,fr FRA,DF,Burnley,23-350,2002,33,33,"2,851",31.7,0,0,0,0,0,0,1,0,0,0,0,0,0,Matches
153,Evanilson,br BRA,FW,Bournemouth,26-217,1999,34,30,"2,582",28.7,6,1,7,6,0,0,2,0,0.21,0.03,0.24,0.21,0.24,Matches
154,Eberechi Eze,eng ENG,"MF,FW",Arsenal,27-316,1998,30,20,"1,724",19.2,7,2,9,7,0,0,1,0,0.37,0.1,0.47,0.37,0.47,Matches
155,Eberechi Eze,eng ENG,MF,Crystal Palace,27-316,1998,1,1,83,0.9,0,0,0,0,0,0,0,0,0,0,0,0,0,Matches
156,Bruno Fernandes,pt POR,MF,Manchester Utd,31-245,1994,33,33,"2,883",32,8,19,27,4,4,6,5,0,0.25,0.59,0.84,0.12,0.72,Matches
157,Mateus Fernandes,pt POR,MF,West Ham United,21-305,2004,34,33,"2,836",31.5,3,3,6,3,0,0,7,0,0.1,0.1,0.19,0.1,0.19,Matches
158,Enzo Fernández,ar ARG,MF,Chelsea,25-114,2001,34,33,"2,935",32.6,9,3,12,7,2,2,9,0,0.28,0.09,0.37,0.21,0.31,Matches
159,Zian Flemming,nl NED,FW,Burnley,27-283,1998,27,19,"1,595",17.7,10,0,10,8,2,2,4,0,0.56,0,0.56,0.45,0.45,Matches
160,Jack Fletcher,eng ENG,MF,Manchester Utd,19-053,2007,3,0,108,1.2,0,0,0,0,0,0,0,0,0,0,0,0,0,Matches
161,Tyler Fletcher,sct SCO,MF,Manchester Utd,19-053,2007,1,0,1,0,0,0,0,0,0,0,0,0,0,0,0,0,0,Matches
162,Phil Foden,eng ENG,MF,Manchester City,25-348,2000,30,21,"1,880",20.9,7,3,10,7,0,0,4,0,0.34,0.14,0.48,0.34,0.48,Matches
163,Wesley Fofana,fr FRA,DF,Chelsea,25-145,2000,23,18,"1,581",17.6,0,1,1,0,0,0,7,1,0,0.06,0.06,0,0.06,Matches
164,Lyle Foster,za RSA,"FW,MF",Burnley,25-250,2000,26,15,"1,371",15.2,3,2,5,3,0,0,4,0,0.2,0.13,0.33,0.2,0.33,Matches
165,Tyler Fredricson,eng ENG,DF,Manchester Utd,21-077,2005,1,0,3,0,0,0,0,0,0,0,0,0,0,0,0,0,0,Matches
166,Jeremie Frimpong,nl NED,"DF,MF",Liverpool,25-152,2000,20,12,"1,023",11.4,0,1,1,0,0,0,1,0,0,0.09,0.09,0,0.09,Matches
167,Niclas Füllkrug,de GER,FW,West Ham United,33-091,1993,8,5,409,4.5,0,0,0,0,0,0,0,0,0,0,0,0,0,Matches
168,Kaye Furo,be BEL,FW,Brentford,19-094,2007,1,0,1,0,0,0,0,0,0,0,0,0,0,0,0,0,0,Matches
169,Cody Gakpo,nl NED,"MF,FW",Liverpool,27-004,1999,34,30,"2,574",28.6,7,5,12,7,0,0,3,0,0.24,0.17,0.42,0.24,0.42,Matches
170,Conor Gallagher,eng ENG,MF,Tottenham Hotspur,26-094,2000,13,11,923,10.3,1,1,2,1,0,0,2,0,0.1,0.1,0.2,0.1,0.2,Matches
171,Idrissa Gana Gueye,sn SEN,MF,Everton,36-227,1989,25,25,"2,093",23.3,2,3,5,2,0,0,1,1,0.09,0.13,0.22,0.09,0.22,Matches
172,Ben Gannon-Doak,sct SCO,MF,Bournemouth,20-181,2005,7,0,79,0.9,0,1,1,0,0,0,0,0,0,1.14,1.14,0,1.14,Matches
173,Andrés García,es ESP,DF,Aston Villa,23-093,2003,5,0,41,0.5,0,0,0,0,0,0,0,0,0,0,0,0,0,Matches
174,Alejandro Garnacho,ar ARG,MF,Chelsea,21-314,2004,23,14,"1,266",14.1,1,4,5,1,0,0,2,0,0.07,0.28,0.36,0.07,0.36,Matches
175,James Garner,eng ENG,"MF,DF",Everton,25-059,2001,36,36,"3,233",35.9,2,7,9,2,0,0,11,0,0.06,0.19,0.25,0.06,0.25,Matches
Rk,Player,Nation,Pos,Squad,Age,Born,MP,Starts,Min,90s,Gls,Ast,G+A,G-PK,PK,PKatt,CrdY,CrdR,Gls,Ast,G+A,G-PK,G+A-PK,Matches
176,Lutsharel Geertruida,nl NED,"DF,MF",Sunderland,25-297,2000,26,15,"1,513",16.8,0,0,0,0,0,0,1,0,0,0,0,0,0,Matches
177,Tyrique George,eng ENG,FW,Chelsea,20-096,2006,4,0,145,1.6,0,0,0,0,0,0,2,0,0,0,0,0,0,Matches
178,Tyrique George,eng ENG,MF,Everton,20-096,2006,9,1,171,1.9,0,0,0,0,0,0,0,0,0,0,0,0,0,Matches
179,Morgan Gibbs-White,eng ENG,MF,Nottingham Forest,26-104,2000,35,33,"2,917",32.4,13,4,17,12,1,1,1,0,0.4,0.12,0.52,0.37,0.49,Matches
180,Jamie Gittens,eng ENG,MF,Chelsea,21-276,2004,16,5,495,5.5,0,2,2,0,0,0,0,0,0,0.36,0.36,0,0.36,Matches
181,Wilfried Gnonto,it ITA,FW,Leeds United,22-187,2003,20,4,456,5.1,0,1,1,0,0,0,3,0,0,0.2,0.2,0,0.2,Matches
182,Angel Gomes,eng ENG,"MF,FW",Wolves,25-253,2000,11,6,396,4.4,0,0,0,0,0,0,1,0,0,0,0,0,0,Matches
183,João Gomes,br BRA,MF,Wolves,25-088,2001,34,31,"2,739",30.4,1,1,2,1,0,0,10,0,0.03,0.03,0.07,0.03,0.07,Matches
184,Rodrigo Gomes,pt POR,"MF,FW",Wolves,22-308,2003,20,7,795,8.8,3,0,3,3,0,0,0,0,0.34,0,0.34,0.34,0.34,Matches
185,Toti Gomes,pt POR,DF,Wolves,27-115,1999,18,17,"1,399",15.5,0,0,0,0,0,0,2,1,0,0,0,0,0,Matches
186,Diego Gómez,py PAR,"MF,FW",Brighton,23-045,2003,30,25,"2,036",22.6,5,1,6,5,0,0,9,0,0.22,0.04,0.27,0.22,0.27,Matches
187,Joe Gomez,eng ENG,DF,Liverpool,28-353,1997,19,6,540,6,0,2,2,0,0,0,3,0,0,0.33,0.33,0,0.33,Matches
188,Nicolás González,es ESP,MF,Manchester City,24-128,2002,24,16,"1,479",16.4,1,0,1,1,0,0,6,0,0.06,0,0.06,0.06,0.06,Matches
189,Anthony Gordon,eng ENG,FW,Newcastle United,25-076,2001,26,24,"1,795",19.9,6,2,8,3,3,3,3,1,0.3,0.1,0.4,0.15,0.25,Matches
190,Ryan Gravenberch,nl NED,MF,Liverpool,23-360,2002,34,32,"2,845",31.6,5,3,8,5,0,0,5,0,0.16,0.09,0.25,0.16,0.25,Matches
191,Archie Gray,eng ENG,"MF,DF",Tottenham Hotspur,20-060,2006,23,18,"1,469",16.3,2,2,4,2,0,0,5,0,0.12,0.12,0.25,0.12,0.25,Matches
192,Jack Grealish,eng ENG,MF,Everton,30-243,1995,20,18,"1,627",18.1,2,6,8,2,0,0,5,1,0.11,0.33,0.44,0.11,0.44,Matches
193,Pascal Groß,de GER,MF,Brighton,34-330,1991,17,16,"1,456",16.2,1,3,4,1,0,0,2,0,0.06,0.19,0.25,0.06,0.25,Matches
194,Brajan Gruda,de GER,MF,Brighton,21-345,2004,18,8,719,8,1,1,2,1,0,0,2,0,0.13,0.13,0.25,0.13,0.25,Matches
195,Ilia Gruev,bg BUL,MF,Leeds United,26-005,2000,23,15,"1,323",14.7,0,3,3,0,0,0,3,0,0,0.2,0.2,0,0.2,Matches
196,Gabriel Gudmundsson,se SWE,"DF,MF",Leeds United,27-012,1999,32,31,"2,631",29.2,0,0,0,0,0,0,6,1,0,0,0,0,0,Matches
197,Marc Guéhi,eng ENG,DF,Crystal Palace,25-302,2000,20,20,"1,800",20,2,2,4,2,0,0,4,0,0.1,0.1,0.2,0.1,0.2,Matches
198,Marc Guéhi,eng ENG,DF,Manchester City,25-302,2000,13,13,"1,170",13,1,1,2,1,0,0,2,0,0.08,0.08,0.15,0.08,0.15,Matches
199,Evann Guessand,ci CIV,MF,Aston Villa,24-314,2001,13,6,588,6.5,0,1,1,0,0,0,0,0,0,0.15,0.15,0,0.15,Matches
200,Evann Guessand,ci CIV,MF,Crystal Palace,24-314,2001,6,3,300,3.3,1,1,2,1,0,0,0,0,0.3,0.3,0.6,0.3,0.6,Matches
Rk,Player,Nation,Pos,Squad,Age,Born,MP,Starts,Min,90s,Gls,Ast,G+A,G-PK,PK,PKatt,CrdY,CrdR,Gls,Ast,G+A,G-PK,G+A-PK,Matches
201,Luis Guilherme,br BRA,FW,West Ham United,20-091,2006,5,1,125,1.4,0,0,0,0,0,0,0,0,0,0,0,0,0,Matches
202,Bruno Guimarães,br BRA,MF,Newcastle United,28-176,1997,27,25,"2,298",25.5,9,5,14,7,2,2,5,0,0.35,0.2,0.55,0.27,0.47,Matches
203,Marc Guiu,es ESP,FW,Sunderland,20-127,2006,2,0,15,0.2,0,0,0,0,0,0,0,0,0,0,0,0,0,Matches
204,Marc Guiu,es ESP,FW,Chelsea,20-127,2006,8,1,257,2.9,0,1,1,0,0,0,1,0,0,0.35,0.35,0,0.35,Matches
205,Angus Gunn,sct SCO,GK,Nottingham Forest,30-109,1996,1,0,45,0.5,0,0,0,0,0,0,0,0,0,0,0,0,0,Matches
206,Malo Gusto,fr FRA,DF,Chelsea,22-357,2003,33,25,"2,177",24.2,2,3,5,2,0,0,5,1,0.08,0.12,0.21,0.08,0.21,Matches
207,Jo_ko Gvardiol,hr CRO,DF,Manchester City,24-108,2002,16,15,"1,302",14.5,2,2,4,2,0,0,2,0,0.14,0.14,0.28,0.14,0.28,Matches
208,Viktor Gyökeres,se SWE,FW,Arsenal,27-341,1998,34,26,"2,198",24.4,14,1,15,11,3,3,5,0,0.57,0.04,0.61,0.45,0.49,Matches
209,Erling Haaland,no NOR,FW,Manchester City,25-294,2000,34,33,"2,863",31.8,26,8,34,23,3,4,2,0,0.82,0.25,1.07,0.72,0.97,Matches
210,Lewis Hall,eng ENG,DF,Newcastle United,21-245,2004,28,22,"2,001",22.2,1,1,2,1,0,0,3,0,0.04,0.04,0.09,0.04,0.09,Matches
211,Jack Harrison,eng ENG,FW,Leeds United,29-172,1996,11,1,269,3,0,0,0,0,0,0,0,0,0,0,0,0,0,Matches
212,Quilindschy Hartman,nl NED,DF,Burnley,24-178,2001,21,21,"1,825",20.3,0,5,5,0,0,0,1,0,0,0.25,0.25,0,0.25,Matches
213,Jorrel Hato,nl NED,DF,Chelsea,20-065,2006,20,10,"1,007",11.2,0,0,0,0,0,0,6,0,0,0,0,0,0,Matches
214,Kai Havertz,de GER,"MF,FW",Arsenal,26-334,1999,10,6,464,5.2,1,2,3,1,0,0,0,0,0.19,0.39,0.58,0.19,0.58,Matches
215,Ayden Heaven,eng ENG,DF,Manchester Utd,19-231,2006,17,11,924,10.3,0,1,1,0,0,0,2,0,0,0.1,0.1,0,0.1,Matches
216,Jan Paul van Hecke,nl NED,DF,Brighton,25-337,2000,34,34,"3,030",33.7,3,3,6,3,0,0,9,0,0.09,0.09,0.18,0.09,0.18,Matches
217,Hwang Hee-chan,kr KOR,"FW,MF",Wolves,30-105,1996,24,16,"1,278",14.2,2,1,3,1,1,1,4,0,0.14,0.07,0.21,0.07,0.14,Matches
218,George Hemmings,eng ENG,MF,Aston Villa,19-068,2007,2,0,27,0.3,0,0,0,0,0,0,0,0,0,0,0,0,0,Matches
219,Dean Henderson,eng ENG,GK,Crystal Palace,29-060,1997,34,34,"3,060",34,0,0,0,0,0,0,4,0,0,0,0,0,0,Matches
220,Jordan Henderson,eng ENG,MF,Brentford,35-328,1990,30,21,"1,832",20.4,1,3,4,1,0,0,5,0,0.05,0.15,0.2,0.05,0.2,Matches
221,Rico Henry,jm JAM,DF,Brentford,28-307,1997,25,14,"1,328",14.8,0,1,1,0,0,0,2,0,0,0.07,0.07,0,0.07,Matches
222,Mads Hermansen,dk DEN,GK,West Ham United,25-304,2000,16,16,"1,440",16,0,0,0,0,0,0,0,0,0,0,0,0,0,Matches
223,Aaron Hickey,sct SCO,"DF,MF",Brentford,23-335,2002,20,8,660,7.3,0,0,0,0,0,0,1,0,0,0,0,0,0,Matches
224,James Hill,eng ENG,DF,Bournemouth,24-121,2002,27,20,"1,926",21.4,0,3,3,0,0,0,3,0,0,0.14,0.14,0,0.14,Matches
225,Piero Hincapié,ec ECU,DF,Arsenal,24-122,2002,23,19,"1,683",18.7,1,2,3,1,0,0,2,0,0.05,0.11,0.16,0.05,0.16,Matches
Rk,Player,Nation,Pos,Squad,Age,Born,MP,Starts,Min,90s,Gls,Ast,G+A,G-PK,PK,PKatt,CrdY,CrdR,Gls,Ast,G+A,G-PK,G+A-PK,Matches
226,Jack Hinshelwood,eng ENG,MF,Brighton,21-030,2005,25,18,"1,587",17.6,4,3,7,4,0,0,0,0,0.23,0.17,0.4,0.23,0.4,Matches
227,Ki-Jana Hoever,nl NED,"MF,DF",Wolves,24-113,2002,8,6,425,4.7,0,0,0,0,0,0,0,0,0,0,0,0,0,Matches
228,Harry Howell,eng ENG,MF,Brighton,18-021,2008,3,1,94,1,0,0,0,0,0,0,0,0,0,0,0,0,0,Matches
229,Callum Hudson-Odoi,eng ENG,MF,Nottingham Forest,25-185,2000,30,21,"1,841",20.5,3,4,7,3,0,0,0,0,0.15,0.2,0.34,0.15,0.34,Matches
230,Will Hughes,eng ENG,MF,Crystal Palace,31-024,1995,29,17,"1,422",15.8,0,0,0,0,0,0,7,0,0,0,0,0,0,Matches
231,Trai Hume,nir NIR,"DF,MF",Sunderland,24-054,2002,36,32,"2,887",32.1,1,1,2,1,0,0,9,0,0.03,0.03,0.06,0.03,0.06,Matches
232,Bashir Humphreys,eng ENG,"DF,MF",Burnley,23-057,2003,18,16,"1,479",16.4,0,0,0,0,0,0,6,0,0,0,0,0,0,Matches
233,Omari Hutchinson,eng ENG,MF,Nottingham Forest,22-193,2003,29,15,"1,542",17.1,1,4,5,1,0,0,1,0,0.06,0.23,0.29,0.06,0.29,Matches
234,Igor,br BRA,DF,West Ham United,28-093,1998,4,1,105,1.2,0,0,0,0,0,0,0,0,0,0,0,0,0,Matches
235,Tim Iroegbunam,eng ENG,MF,Everton,22-315,2003,27,15,"1,332",14.8,0,2,2,0,0,0,8,0,0,0.14,0.14,0,0.14,Matches
236,Andy Irving,sct SCO,MF,West Ham United,25-363,2000,7,2,158,1.8,0,0,0,0,0,0,0,0,0,0,0,0,0,Matches
237,Alexander Isak,se SWE,FW,Liverpool,26-232,1999,14,8,699,7.8,3,1,4,3,0,0,0,0,0.39,0.13,0.52,0.39,0.52,Matches
238,Wilson Isidor,ht HAI,FW,Sunderland,25-257,2000,30,11,"1,121",12.5,5,0,5,5,0,0,1,0,0.4,0,0.4,0.4,0.4,Matches
239,Alex Iwobi,ng NGA,MF,Fulham,30-008,1996,27,27,"2,263",25.1,4,3,7,4,0,0,3,0,0.16,0.12,0.28,0.16,0.28,Matches
240,Daniel James,wls WAL,FW,Leeds United,28-182,1997,16,4,417,4.6,0,0,0,0,0,0,0,0,0,0,0,0,0,Matches
241,Reece James,eng ENG,"DF,MF",Chelsea,26-154,1999,28,20,"1,924",21.4,2,4,6,2,0,0,4,0,0.09,0.19,0.28,0.09,0.28,Matches
242,Vitaly Janelt,de GER,MF,Brentford,28-001,1998,23,13,"1,291",14.3,1,4,5,1,0,0,7,0,0.07,0.28,0.35,0.07,0.35,Matches
243,Mathias Jensen,dk DEN,MF,Brentford,30-130,1996,34,24,"2,103",23.4,3,1,4,3,0,0,3,0,0.13,0.04,0.17,0.13,0.17,Matches
244,Gabriel Jesus,br BRA,FW,Arsenal,29-038,1997,13,2,355,3.9,2,0,2,2,0,0,2,0,0.51,0,0.51,0.51,0.51,Matches
245,Igor Jesus,br BRA,FW,Nottingham Forest,25-075,2001,35,26,"2,125",23.6,6,4,10,5,1,1,2,0,0.25,0.17,0.42,0.21,0.38,Matches
246,Álex Jiménez,es ESP,"DF,MF",Bournemouth,21-003,2005,31,26,"2,317",25.7,1,0,1,1,0,0,10,0,0.04,0,0.04,0.04,0.04,Matches
247,Raúl Jiménez,mx MEX,FW,Fulham,35-006,1991,34,27,"2,146",23.8,9,3,12,5,4,4,5,0,0.38,0.13,0.5,0.21,0.34,Matches
248,Jamaldeen Jimoh,eng ENG,MF,Aston Villa,19-221,2006,1,0,9,0.1,0,0,0,0,0,0,0,0,0,0,0,0,0,Matches
249,João Pedro,br BRA,"FW,MF",Chelsea,24-227,2001,34,30,"2,571",28.6,15,5,20,15,0,0,4,0,0.53,0.18,0.7,0.53,0.7,Matches
250,Joelinton,br BRA,MF,Newcastle United,29-270,1996,27,23,"1,951",21.7,2,1,3,2,0,0,10,0,0.09,0.05,0.14,0.09,0.14,Matches
Rk,Player,Nation,Pos,Squad,Age,Born,MP,Starts,Min,90s,Gls,Ast,G+A,G-PK,PK,PKatt,CrdY,CrdR,Gls,Ast,G+A,G-PK,G+A-PK,Matches
251,John,br BRA,GK,Nottingham Forest,30-087,1996,5,5,437,4.9,0,0,0,0,0,0,1,0,0,0,0,0,0,Matches
252,Brennan Johnson,wls WAL,"MF,FW",Tottenham Hotspur,24-353,2001,16,6,610,6.8,2,0,2,2,0,0,2,0,0.3,0,0.3,0.3,0.3,Matches
253,Brennan Johnson,wls WAL,"MF,FW",Crystal Palace,24-353,2001,16,12,993,11,0,1,1,0,0,0,4,0,0,0.09,0.09,0,0.09,Matches
254,Sam Johnstone,eng ENG,GK,Wolves,33-047,1993,12,12,"1,080",12,0,0,0,0,0,0,0,0,0,0,0,0,0,Matches
255,Curtis Jones,eng ENG,"MF,DF",Liverpool,25-101,2001,32,16,"1,757",19.5,0,2,2,0,0,0,2,0,0,0.1,0.1,0,0.1,Matches
256,Eli Junior Kroupi,fr FRA,"MF,FW",Bournemouth,19-322,2006,31,19,"1,525",16.9,12,0,12,10,2,2,5,0,0.71,0,0.71,0.59,0.59,Matches
257,Hamed Junior Traorè,ci CIV,MF,Bournemouth,26-084,2000,1,0,17,0.2,0,1,1,0,0,0,0,0,0,5.29,5.29,0,5.29,Matches
258,James Justin,eng ENG,"DF,MF",Leeds United,28-077,1998,26,18,"1,631",18.1,2,1,3,2,0,0,4,0,0.11,0.06,0.17,0.11,0.17,Matches
259,Filip Jørgensen,dk DEN,GK,Chelsea,24-025,2002,5,3,379,4.2,0,0,0,0,0,0,0,0,0,0,0,0,0,Matches
260,Ferdi Kadioglu,tr TUR,"DF,MF",Brighton,26-216,1999,35,32,"2,953",32.8,1,0,1,1,0,0,6,0,0.03,0,0.03,0.03,0.03,Matches
261,Sasa Kalajdzic,at AUT,"FW,MF",Wolves,28-308,1997,1,0,15,0.2,0,0,0,0,0,0,0,0,0,0,0,0,0,Matches
262,Arnaud Kalimuendo,fr FRA,FW,Nottingham Forest,24-111,2002,9,0,96,1.1,0,0,0,0,0,0,0,0,0,0,0,0,0,Matches
263,Daichi Kamada,jp JPN,MF,Crystal Palace,29-279,1996,25,20,"1,751",19.5,0,0,0,0,0,0,2,0,0,0,0,0,0,Matches
264,Boubacar Kamara,fr FRA,MF,Aston Villa,26-169,1999,18,17,"1,411",15.7,1,3,4,1,0,0,5,0,0.06,0.19,0.26,0.06,0.26,Matches
265,Mohamadou Kanté,fr FRA,MF,West Ham United,20-233,2005,9,0,44,0.5,0,0,0,0,0,0,1,0,0,0,0,0,0,Matches
266,Michael Kayode,it ITA,DF,Brentford,21-305,2004,35,35,"3,078",34.2,1,1,2,1,0,0,7,0,0.03,0.03,0.06,0.03,0.06,Matches
267,Michael Keane,eng ENG,DF,Everton,33-120,1993,31,27,"2,411",26.8,3,0,3,3,0,0,1,1,0.11,0,0.11,0.11,0.11,Matches
268,Caoimhín Kelleher,ie IRL,GK,Brentford,27-169,1998,35,35,"3,150",35,0,0,0,0,0,0,1,0,0,0,0,0,0,Matches
269,Milos Kerkez,hu HUN,DF,Liverpool,22-185,2003,32,26,"2,159",24,2,1,3,2,0,0,4,0,0.08,0.04,0.13,0.08,0.13,Matches
270,Kevin,br BRA,MF,Fulham,23-127,2003,24,8,937,10.4,1,1,2,1,0,0,1,0,0.1,0.1,0.19,0.1,0.19,Matches
271,Abdukodir Khusanov,uz UZB,DF,Manchester City,22-071,2004,19,13,"1,252",13.9,0,0,0,0,0,0,2,0,0,0,0,0,0,Matches
272,Max Kilman,eng ENG,DF,West Ham United,28-353,1997,21,17,"1,561",17.3,0,0,0,0,0,0,4,0,0,0,0,0,0,Matches
273,Joshua King,eng ENG,MF,Fulham,19-128,2007,30,15,"1,265",14.1,1,2,3,1,0,0,4,0,0.07,0.14,0.21,0.07,0.21,Matches
274,Antonín Kinsk_,cz CZE,GK,Tottenham Hotspur,23-059,2003,4,4,360,4,0,0,0,0,0,0,0,0,0,0,0,0,0,Matches
275,Justin Kluivert,nl NED,MF,Bournemouth,27-006,1999,18,10,919,10.2,2,0,2,2,0,0,4,0,0.2,0,0.2,0.2,0.2,Matches
Rk,Player,Nation,Pos,Squad,Age,Born,MP,Starts,Min,90s,Gls,Ast,G+A,G-PK,PK,PKatt,CrdY,CrdR,Gls,Ast,G+A,G-PK,G+A-PK,Matches
276,Joe Knight,eng ENG,MF,Brighton,20-232,2005,1,0,1,0,0,0,0,0,0,0,0,0,0,0,0,0,0,Matches
277,Randal Kolo Muani,fr FRA,"FW,MF",Tottenham Hotspur,27-157,1998,27,19,"1,488",16.5,1,1,2,1,0,0,3,0,0.06,0.06,0.12,0.06,0.12,Matches
278,Ibrahima Konaté,fr FRA,DF,Liverpool,26-351,1999,34,34,"2,912",32.4,1,0,1,1,0,0,6,0,0.03,0,0.03,0.03,0.03,Matches
279,Ezri Konsa,eng ENG,DF,Aston Villa,28-200,1997,33,33,"2,945",32.7,0,0,0,0,0,0,0,1,0,0,0,0,0,Matches
280,Charalampos Kostoulas,gr GRE,FW,Brighton,18-346,2007,19,2,328,3.6,2,1,3,2,0,0,2,0,0.55,0.27,0.82,0.55,0.82,Matches
281,Mateo Kova_i_,hr CRO,MF,Manchester City,32-005,1994,3,0,31,0.3,0,1,1,0,0,0,0,0,0,2.9,2.9,0,2.9,Matches
282,Emil Krafth,se SWE,DF,Newcastle United,31-282,1994,1,1,45,0.5,0,0,0,0,0,0,0,0,0,0,0,0,0,Matches
283,Ladislav Krej_í,cz CZE,"DF,MF",Wolves,27-021,1999,26,25,"2,201",24.5,2,1,3,2,0,0,5,1,0.08,0.04,0.12,0.08,0.12,Matches
284,Mohammed Kudus,gh GHA,"MF,FW",Tottenham Hotspur,25-282,2000,19,19,"1,535",17.1,2,5,7,2,0,0,3,0,0.12,0.29,0.41,0.12,0.41,Matches
285,Jonah Kusi-Asare,se SWE,FW,Fulham,18-311,2007,7,0,55,0.6,0,0,0,0,0,0,1,0,0,0,0,0,0,Matches
286,Shea Lacey,eng ENG,FW,Manchester Utd,19-027,2007,2,0,14,0.2,0,0,0,0,0,0,0,0,0,0,0,0,0,Matches
287,Maxence Lacroix,fr FRA,DF,Crystal Palace,26-035,2000,33,33,"2,935",32.6,1,2,3,1,0,0,4,1,0.03,0.06,0.09,0.03,0.09,Matches
288,Senne Lammens,be BEL,GK,Manchester Utd,23-308,2002,30,30,"2,700",30,0,0,0,0,0,0,0,0,0,0,0,0,0,Matches
289,Jamaal Lascelles,eng ENG,DF,Newcastle United,32-181,1993,2,0,21,0.2,0,0,0,0,0,0,0,0,0,0,0,0,0,Matches
290,Josh Laurent,eng ENG,"DF,MF",Burnley,31-005,1995,32,18,"1,744",19.4,1,0,1,1,0,0,7,1,0.05,0,0.05,0.05,0.05,Matches
291,Roméo Lavia,be BEL,MF,Chelsea,22-125,2004,12,4,382,4.2,0,0,0,0,0,0,0,0,0,0,0,0,0,Matches
292,Enzo Le Fée,fr FRA,"MF,FW",Sunderland,26-097,2000,34,31,"2,751",30.6,4,5,9,1,3,4,5,0,0.13,0.16,0.29,0.03,0.2,Matches
293,Bernd Leno,de GER,GK,Fulham,34-068,1992,36,36,"3,240",36,0,0,0,0,0,0,3,0,0,0,0,0,0,Matches
294,Jefferson Lerma,co COL,"MF,DF",Crystal Palace,31-198,1994,28,16,"1,536",17.1,0,2,2,0,0,0,6,0,0,0.12,0.12,0,0.12,Matches
295,Rico Lewis,eng ENG,DF,Manchester City,21-171,2004,10,3,317,3.5,0,1,1,0,0,0,1,0,0,0.28,0.28,0,0.28,Matches
296,Keane Lewis-Potter,eng ENG,"DF,MF",Brentford,25-078,2001,34,20,"1,794",19.9,3,3,6,3,0,0,1,0,0.15,0.15,0.3,0.15,0.3,Matches
297,Myles Lewis-Skelly,eng ENG,"MF,DF",Arsenal,19-227,2006,18,4,601,6.7,0,0,0,0,0,0,3,0,0,0,0,0,0,Matches
298,Matthijs de Ligt,nl NED,DF,Manchester Utd,26-272,1999,13,13,"1,170",13,1,0,1,1,0,0,0,0,0.08,0,0.08,0.08,0.08,Matches
299,Pedro Lima,br BRA,MF,Wolves,19-314,2006,7,3,245,2.7,0,0,0,0,0,0,0,0,0,0,0,0,0,Matches
300,Victor Lindelöf,se SWE,"DF,MF",Aston Villa,31-298,1994,15,9,831,9.2,0,1,1,0,0,0,0,0,0,0.11,0.11,0,0.11,Matches
Rk,Player,Nation,Pos,Squad,Age,Born,MP,Starts,Min,90s,Gls,Ast,G+A,G-PK,PK,PKatt,CrdY,CrdR,Gls,Ast,G+A,G-PK,G+A-PK,Matches
301,Valentino Livramento,eng ENG,DF,Newcastle United,23-180,2002,17,14,"1,328",14.8,0,1,1,0,0,0,1,0,0,0.07,0.07,0,0.07,Matches
302,Sean Longstaff,eng ENG,MF,Leeds United,28-193,1997,21,10,979,10.9,2,2,4,2,0,0,2,0,0.18,0.18,0.37,0.18,0.37,Matches
303,Fer López,es ESP,MF,Wolves,21-352,2004,9,2,235,2.6,0,1,1,0,0,0,1,0,0,0.38,0.38,0,0.38,Matches
304,Lucas,br BRA,"MF,DF",Burnley,25-048,2001,18,13,"1,229",13.7,0,0,0,0,0,0,0,1,0,0,0,0,0,Matches
305,Lorenzo Lucca,it ITA,FW,Nottingham Forest,25-243,2000,4,1,129,1.4,1,0,1,1,0,0,0,0,0.7,0,0.7,0.7,0.7,Matches
306,Florentino Luís,pt POR,MF,Burnley,26-265,1999,29,23,"1,938",21.5,0,2,2,0,0,0,6,0,0,0.09,0.09,0,0.09,Matches
307,Douglas Luiz,br BRA,MF,Aston Villa,28-002,1998,11,6,531,5.9,1,0,1,1,0,0,1,0,0.17,0,0.17,0.17,0.17,Matches
308,Douglas Luiz,br BRA,MF,Nottingham Forest,28-002,1998,8,5,315,3.5,0,0,0,0,0,0,2,0,0,0,0,0,0,Matches
309,Sa_a Luki_,rs SRB,MF,Fulham,29-271,1996,25,19,"1,644",18.3,1,2,3,1,0,0,9,0,0.05,0.11,0.16,0.05,0.16,Matches
310,Ian Maatsen,nl NED,DF,Aston Villa,24-062,2002,28,16,"1,509",16.8,0,1,1,0,0,0,2,0,0,0.06,0.06,0,0.06,Matches
311,Alexis Mac Allister,ar ARG,MF,Liverpool,27-138,1998,35,29,"2,478",27.5,2,4,6,2,0,0,6,0,0.07,0.15,0.22,0.07,0.22,Matches
312,Noni Madueke,eng ENG,"FW,MF",Arsenal,24-062,2002,25,15,"1,129",12.5,2,1,3,2,0,0,0,0,0.16,0.08,0.24,0.16,0.24,Matches
313,Gabriel Magalhães,br BRA,DF,Arsenal,28-143,1997,30,29,"2,616",29.1,3,4,7,3,0,0,4,0,0.1,0.14,0.24,0.1,0.24,Matches
314,Soungoutou Magassa,fr FRA,MF,West Ham United,22-215,2003,22,11,981,10.9,1,0,1,1,0,0,4,0,0.09,0,0.09,0.09,0.09,Matches
315,Harry Maguire,eng ENG,DF,Manchester Utd,33-067,1993,21,17,"1,473",16.4,1,2,3,1,0,0,3,1,0.06,0.12,0.18,0.06,0.18,Matches
316,Kobbie Mainoo,eng ENG,MF,Manchester Utd,21-022,2005,26,14,"1,482",16.5,1,2,3,1,0,0,1,0,0.06,0.12,0.18,0.06,0.18,Matches
317,Tyrell Malacia,nl NED,DF,Manchester Utd,26-267,1999,2,0,9,0.1,0,0,0,0,0,0,0,0,0,0,0,0,0,Matches
318,Donyell Malen,nl NED,"FW,MF",Aston Villa,27-122,1999,21,5,656,7.3,4,1,5,4,0,0,0,0,0.55,0.14,0.69,0.55,0.69,Matches
319,Giorgi Mamardashvili,ge GEO,GK,Liverpool,25-224,2000,9,9,777,8.6,0,0,0,0,0,0,0,0,0,0,0,0,0,Matches
320,Reinildo Mandava,mz MOZ,DF,Sunderland,32-110,1994,23,21,"1,786",19.8,0,1,1,0,0,0,7,1,0,0.05,0.05,0,0.05,Matches
321,Mateus Mane,pt POR,MF,Wolves,18-237,2007,25,17,"1,615",17.9,2,1,3,2,0,0,0,0,0.11,0.06,0.17,0.11,0.17,Matches
322,Bendito Mantato,eng ENG,MF,Manchester Utd,18-106,2008,1,0,16,0.2,0,0,0,0,0,0,0,0,0,0,0,0,0,Matches
323,Solly March,eng ENG,MF,Brighton,31-295,1994,2,0,8,0.1,0,0,0,0,0,0,0,0,0,0,0,0,0,Matches
324,Omar Marmoush,eg EGY,"FW,MF",Manchester City,27-093,1999,19,7,607,6.7,2,3,5,2,0,0,3,0,0.3,0.44,0.74,0.3,0.74,Matches
325,Callum Marshall,nir NIR,FW,West Ham United,21-164,2004,2,0,60,0.7,0,0,0,0,0,0,0,0,0,0,0,0,0,Matches
Rk,Player,Nation,Pos,Squad,Age,Born,MP,Starts,Min,90s,Gls,Ast,G+A,G-PK,PK,PKatt,CrdY,CrdR,Gls,Ast,G+A,G-PK,G+A-PK,Matches
326,Gabriel Martinelli,br BRA,"FW,MF",Arsenal,24-327,2001,28,10,990,11,1,3,4,1,0,0,3,0,0.09,0.27,0.36,0.09,0.36,Matches
327,Emiliano Martínez,ar ARG,GK,Aston Villa,33-251,1992,31,31,"2,745",30.5,0,1,1,0,0,0,2,0,0,0.03,0.03,0,0.03,Matches
328,Lisandro Martínez,ar ARG,DF,Manchester Utd,28-113,1998,16,11,"1,053",11.7,0,0,0,0,0,0,0,1,0,0,0,0,0,Matches
329,Arthur Masuaku,cd COD,DF,Sunderland,32-185,1993,3,2,126,1.4,0,0,0,0,0,0,1,0,0,0,0,0,0,Matches
330,Pape Matar Sarr,sn SEN,MF,Tottenham Hotspur,23-239,2002,24,13,"1,357",15.1,2,3,5,2,0,0,2,0,0.13,0.2,0.33,0.13,0.33,Matches
331,Jean-Philippe Mateta,fr FRA,FW,Crystal Palace,28-317,1997,29,24,"2,115",23.5,11,0,11,7,4,4,2,0,0.47,0,0.47,0.3,0.3,Matches
332,Konstantinos Mavropanos,gr GRE,DF,West Ham United,28-151,1997,29,25,"2,354",26.2,3,0,3,3,0,0,2,0,0.11,0,0.11,0.11,0.11,Matches
333,Eliezer Mayenda,es ESP,"FW,MF",Sunderland,21-003,2005,20,8,759,8.4,2,0,2,2,0,0,0,0,0.24,0,0.24,0.24,0.24,Matches
334,Ezra Mayers,bb BRB,DF,West Ham United,19-115,2007,6,0,117,1.3,0,0,0,0,0,0,0,0,0,0,0,0,0,Matches
335,Noussair Mazraoui,ma MAR,"DF,MF",Manchester Utd,28-178,1997,19,10,912,10.1,0,0,0,0,0,0,3,0,0,0,0,0,0,Matches
336,Bryan Mbeumo,cm CMR,"MF,FW",Manchester Utd,26-277,1999,31,29,"2,457",27.3,9,3,12,9,0,0,4,0,0.33,0.11,0.44,0.33,0.44,Matches
337,James Mcatee,eng ENG,MF,Nottingham Forest,23-205,2002,12,2,278,3.1,0,1,1,0,0,0,1,0,0,0.32,0.32,0,0.32,Matches
338,John McGinn,sct SCO,MF,Aston Villa,31-205,1994,28,27,"2,043",22.7,4,4,8,4,0,0,4,0,0.18,0.18,0.35,0.18,0.35,Matches
339,Dwight McNeil,eng ENG,MF,Everton,26-170,1999,21,14,"1,165",12.9,0,1,1,0,0,0,1,0,0,0.08,0.08,0,0.08,Matches
340,Hannibal Mejbri,tn TUN,MF,Burnley,23-110,2003,25,13,"1,095",12.2,1,4,5,1,0,0,8,0,0.08,0.33,0.41,0.08,0.41,Matches
341,Mikel Merino,es ESP,"MF,FW",Arsenal,29-323,1996,21,10,"1,007",11.2,4,3,7,4,0,0,1,0,0.36,0.27,0.63,0.36,0.63,Matches
342,Antoni Milambo,nl NED,MF,Brentford,21-038,2005,1,1,45,0.5,0,0,0,0,0,0,0,0,0,0,0,0,0,Matches
343,Nikola Milenkovi_,rs SRB,DF,Nottingham Forest,28-211,1997,36,35,"3,195",35.5,0,0,0,0,0,0,6,0,0,0,0,0,0,Matches
344,Lewis Miley,eng ENG,"MF,DF",Newcastle United,20-010,2006,23,15,"1,496",16.6,1,4,5,1,0,0,0,0,0.06,0.24,0.3,0.06,0.3,Matches
345,James Milner,eng ENG,MF,Brighton,40-127,1986,19,6,726,8.1,1,1,2,0,1,1,2,0,0.12,0.12,0.25,0,0.12,Matches
346,Veljko Milosavljevi_,rs SRB,DF,Bournemouth,18-317,2007,7,4,368,4.1,0,0,0,0,0,0,0,0,0,0,0,0,0,Matches
347,Tyrone Mings,eng ENG,DF,Aston Villa,33-059,1993,16,14,"1,234",13.7,0,0,0,0,0,0,1,0,0,0,0,0,0,Matches
348,Yankuba Minteh,gm GAM,MF,Brighton,21-293,2004,32,25,"2,257",25.1,3,4,7,3,0,0,3,0,0.12,0.16,0.28,0.12,0.28,Matches
349,Tyrick Mitchell,eng ENG,MF,Crystal Palace,26-252,1999,35,34,"3,026",33.6,1,2,3,1,0,0,5,0,0.03,0.06,0.09,0.03,0.09,Matches
350,Kaoru Mitoma,jp JPN,"MF,FW",Brighton,28-356,1997,25,19,"1,721",19.1,3,1,4,3,0,0,5,0,0.16,0.05,0.21,0.16,0.21,Matches
Rk,Player,Nation,Pos,Squad,Age,Born,MP,Starts,Min,90s,Gls,Ast,G+A,G-PK,PK,PKatt,CrdY,CrdR,Gls,Ast,G+A,G-PK,G+A-PK,Matches
351,Morato,br BRA,DF,Nottingham Forest,24-315,2001,19,12,"1,165",12.9,0,0,0,0,0,0,5,0,0,0,0,0,0,Matches
352,Cristhian Mosquera,es ESP,DF,Arsenal,21-318,2004,18,7,814,9,0,0,0,0,0,0,4,0,0,0,0,0,0,Matches
353,Yerson Mosquera,co COL,DF,Wolves,25-009,2001,25,22,"1,956",21.7,0,0,0,0,0,0,11,0,0,0,0,0,0,Matches
354,Mason Mount,eng ENG,MF,Manchester Utd,27-121,1999,21,11,934,10.4,3,0,3,3,0,0,2,0,0.29,0,0.29,0.29,0.29,Matches
355,Divine Mukasa,eng ENG,MF,Manchester City,18-262,2007,2,0,27,0.3,0,0,0,0,0,0,0,0,0,0,0,0,0,Matches
356,Nordi Mukiele,fr FRA,DF,Sunderland,28-191,1997,30,30,"2,604",28.9,3,3,6,3,0,0,5,0,0.1,0.1,0.21,0.1,0.21,Matches
357,Romaine Mundle,eng ENG,MF,Sunderland,23-017,2003,14,2,411,4.6,0,0,0,0,0,0,1,0,0,0,0,0,0,Matches
358,Marshall Munetsi,zw ZIM,"MF,FW",Wolves,29-323,1996,13,9,875,9.7,1,1,2,1,0,0,2,0,0.1,0.1,0.21,0.1,0.21,Matches
359,Rodrigo Muniz,br BRA,FW,Fulham,25-007,2001,19,8,863,9.6,1,1,2,1,0,0,2,0,0.1,0.1,0.21,0.1,0.21,Matches
360,Daniel Muñoz,co COL,MF,Crystal Palace,29-350,1996,26,26,"2,183",24.3,4,2,6,4,0,0,7,0,0.16,0.08,0.25,0.16,0.25,Matches
361,Murillo,br BRA,DF,Nottingham Forest,23-311,2002,25,25,"2,130",23.7,1,0,1,1,0,0,5,0,0.04,0,0.04,0.04,0.04,Matches
362,Alex Murphy,ie IRL,DF,Newcastle United,21-320,2004,1,0,2,0,0,0,0,0,0,0,0,0,0,0,0,0,0,Matches
363,Jacob Murphy,eng ENG,"FW,MF",Newcastle United,31-076,1995,31,18,"1,556",17.3,3,2,5,3,0,0,2,0,0.17,0.12,0.29,0.17,0.29,Matches
364,Vitaliy Mykolenko,ua UKR,DF,Everton,26-347,1999,31,31,"2,778",30.9,0,1,1,0,0,0,6,0,0,0.03,0.03,0,0.03,Matches
365,David Møller Wolfe,no NOR,"MF,DF",Wolves,24-018,2002,20,9,892,9.9,0,2,2,0,0,0,1,0,0,0.2,0.2,0,0.2,Matches
366,Iliman Ndiaye,sn SEN,MF,Everton,26-066,2000,30,30,"2,598",28.9,6,3,9,4,2,2,2,0,0.21,0.1,0.31,0.14,0.24,Matches
367,Dan Ndoye,ch SUI,MF,Nottingham Forest,25-198,2000,24,14,"1,173",13,1,1,2,1,0,0,1,0,0.08,0.08,0.15,0.08,0.15,Matches
368,Dan Neil,eng ENG,MF,Sunderland,24-149,2001,3,0,14,0.2,0,0,0,0,0,0,0,0,0,0,0,0,0,Matches
369,Reiss Nelson,eng ENG,"FW,MF",Brentford,26-152,1999,9,0,124,1.4,0,1,1,0,0,0,0,0,0,0.73,0.73,0,0.73,Matches
370,Pedro Neto,pt POR,MF,Chelsea,26-063,2000,32,28,"2,479",27.5,5,4,9,5,0,0,4,1,0.18,0.15,0.33,0.18,0.33,Matches
371,Luca Netz,de GER,"MF,DF",Nottingham Forest,22-361,2003,5,2,246,2.7,0,0,0,0,0,0,0,0,0,0,0,0,0,Matches
372,Rio Ngumoha,eng ENG,MF,Liverpool,17-255,2008,17,3,398,4.4,2,1,3,2,0,0,0,0,0.45,0.23,0.68,0.45,0.68,Matches
373,Eddie Nketiah,eng ENG,MF,Crystal Palace,26-346,1999,12,2,424,4.7,2,0,2,2,0,0,2,0,0.42,0,0.42,0.42,0.42,Matches
374,Lukas Nmecha,de GER,FW,Leeds United,27-148,1998,28,9,934,10.4,6,1,7,4,2,3,0,0,0.58,0.1,0.67,0.39,0.48,Matches
375,Matheus Nunes,pt POR,DF,Manchester City,27-257,1998,32,30,"2,715",30.2,1,5,6,1,0,0,5,0,0.03,0.17,0.2,0.03,0.2,Matches
Rk,Player,Nation,Pos,Squad,Age,Born,MP,Starts,Min,90s,Gls,Ast,G+A,G-PK,PK,PKatt,CrdY,CrdR,Gls,Ast,G+A,G-PK,G+A-PK,Matches
376,Ethan Nwaneri,eng ENG,MF,Arsenal,19-051,2007,6,0,171,1.9,0,0,0,0,0,0,0,0,0,0,0,0,0,Matches
377,Trey Nyoni,eng ENG,MF,Liverpool,18-315,2007,5,0,16,0.2,0,0,0,0,0,0,0,0,0,0,0,0,0,Matches
378,Christian Nørgaard,dk DEN,MF,Arsenal,32-062,1994,6,0,61,0.7,0,0,0,0,0,0,0,0,0,0,0,0,0,Matches
379,Jake O'Brien,ie IRL,DF,Everton,24-361,2001,35,33,"2,972",33,1,1,2,1,0,0,4,1,0.03,0.03,0.06,0.03,0.06,Matches
380,Luke O'Nien,eng ENG,DF,Sunderland,31-171,1994,10,4,411,4.6,0,0,0,0,0,0,1,1,0,0,0,0,0,Matches
381,Matt O'Riley,dk DEN,MF,Brighton,25-171,2000,6,2,204,2.3,1,0,1,0,1,1,0,0,0.44,0,0.44,0,0,Matches
382,Wilson Odobert,fr FRA,"MF,FW",Tottenham Hotspur,21-164,2004,24,10,985,10.9,0,2,2,0,0,0,0,0,0,0.18,0.18,0,0.18,Matches
383,Noah Okafor,ch SUI,"FW,MF",Leeds United,25-352,2000,28,19,"1,561",17.3,8,1,9,8,0,0,3,0,0.46,0.06,0.52,0.46,0.52,Matches
384,Callum Olusesi,eng ENG,MF,Tottenham Hotspur,19-114,2007,1,0,15,0.2,0,0,0,0,0,0,0,0,0,0,0,0,0,Matches
385,Amadou Onana,be BEL,MF,Aston Villa,24-268,2001,24,21,"1,740",19.3,2,0,2,2,0,0,3,0,0.1,0,0.1,0.1,0.1,Matches
386,Frank Onyeka,ng NGA,MF,Brentford,28-130,1998,6,0,92,1,0,1,1,0,0,0,0,0,0,0.98,0.98,0,0.98,Matches
387,Nehemiah Oriola,eng ENG,MF,Brighton,18-334,2007,1,0,1,0,0,0,0,0,0,0,0,0,0,0,0,0,0,Matches
388,Stefan Ortega,de GER,GK,Nottingham Forest,33-186,1992,3,3,270,3,0,0,0,0,0,0,0,0,0,0,0,0,0,Matches
389,William Osula,dk DEN,FW,Newcastle United,22-280,2003,22,6,670,7.4,5,0,5,5,0,0,0,0,0.67,0,0.67,0.67,0.67,Matches
390,Dango Ouattara,bf BFA,MF,Brentford,24-089,2002,30,23,"2,096",23.3,5,3,8,5,0,0,5,0,0.21,0.13,0.34,0.21,0.34,Matches
391,Nico O’Reilly,eng ENG,"DF,MF",Manchester City,21-051,2005,33,28,"2,556",28.4,5,3,8,5,0,0,5,0,0.18,0.11,0.28,0.18,0.28,Matches
392,Pablo,br BRA,"MF,FW",West Ham United,22-129,2004,12,9,750,8.3,0,1,1,0,0,0,0,0,0,0.12,0.12,0,0.12,Matches
393,João Palhinha,pt POR,"MF,DF",Tottenham Hotspur,30-306,1995,30,20,"1,951",21.7,4,2,6,4,0,0,6,0,0.18,0.09,0.28,0.18,0.28,Matches
394,Cole Palmer,eng ENG,MF,Chelsea,24-005,2002,24,22,"1,777",19.7,9,1,10,4,5,6,4,0,0.46,0.05,0.51,0.2,0.25,Matches
395,Lucas Paquetá,br BRA,"MF,FW",West Ham United,28-257,1997,18,18,"1,511",16.8,4,1,5,2,2,2,7,1,0.24,0.06,0.3,0.12,0.18,Matches
396,Nathan Patterson,sct SCO,DF,Everton,24-207,2001,7,3,241,2.7,0,0,0,0,0,0,0,0,0,0,0,0,0,Matches
397,Myles Peart-Harris,eng ENG,MF,Brentford,23-235,2002,1,0,1,0,0,0,0,0,0,0,0,0,0,0,0,0,0,Matches
398,Lucas Perri,br BRA,GK,Leeds United,28-152,1997,16,16,"1,440",16,0,0,0,0,0,0,2,0,0,0,0,0,0,Matches
399,_or_e Petrovi_,rs SRB,GK,Bournemouth,26-215,1999,36,36,"3,240",36,0,0,0,0,0,0,3,0,0,0,0,0,0,Matches
400,Jordan Pickford,eng ENG,GK,Everton,32-065,1994,36,36,"3,240",36,0,0,0,0,0,0,4,0,0,0,0,0,0,Matches
Rk,Player,Nation,Pos,Squad,Age,Born,MP,Starts,Min,90s,Gls,Ast,G+A,G-PK,PK,PKatt,CrdY,CrdR,Gls,Ast,G+A,G-PK,G+A-PK,Matches
401,Ethan Pinnock,jm JAM,DF,Brentford,32-347,1993,4,4,318,3.5,0,0,0,0,0,0,1,0,0,0,0,0,0,Matches
402,Yeremi Pino,es ESP,"MF,FW",Crystal Palace,23-203,2002,31,24,"1,931",21.5,2,1,3,2,0,0,4,0,0.09,0.05,0.14,0.09,0.14,Matches
403,Joël Piroe,sr SUR,FW,Leeds United,26-282,1999,14,2,228,2.5,0,0,0,0,0,0,0,0,0,0,0,0,0,Matches
404,Nick Pope,eng ENG,GK,Newcastle United,34-022,1992,25,25,"2,236",24.8,0,0,0,0,0,0,2,0,0,0,0,0,0,Matches
405,Pedro Porro,es ESP,DF,Tottenham Hotspur,26-240,1999,31,29,"2,526",28.1,1,2,3,1,0,0,8,0,0.04,0.07,0.11,0.04,0.11,Matches
406,Freddie Potts,eng ENG,MF,West Ham United,22-241,2003,22,12,"1,171",13,0,1,1,0,0,0,1,0,0,0.08,0.08,0,0.08,Matches
407,Aaron Ramsdale,eng ENG,GK,Newcastle United,27-362,1998,12,11,"1,004",11.2,0,0,0,0,0,0,2,0,0,0,0,0,0,Matches
408,Jacob Ramsey,eng ENG,MF,Newcastle United,24-348,2001,26,13,"1,270",14.1,2,2,4,2,0,0,5,1,0.14,0.14,0.28,0.14,0.28,Matches
409,David Raya,es ESP,GK,Arsenal,30-238,1995,36,36,"3,240",36,0,0,0,0,0,0,1,0,0,0,0,0,0,Matches
410,Rayan,br BRA,MF,Bournemouth,19-281,2006,13,11,956,10.6,5,2,7,5,0,0,1,0,0.47,0.19,0.66,0.47,0.66,Matches
411,Harrison Reed,eng ENG,MF,Fulham,31-104,1995,7,1,94,1,1,0,1,1,0,0,0,0,0.96,0,0.96,0.96,0.96,Matches
412,Tijjani Reijnders,nl NED,MF,Manchester City,27-286,1998,27,18,"1,555",17.3,5,2,7,5,0,0,2,0,0.29,0.12,0.41,0.29,0.41,Matches
413,Chadi Riad,ma MAR,DF,Crystal Palace,22-328,2003,7,4,389,4.3,0,1,1,0,0,0,2,0,0,0.23,0.23,0,0.23,Matches
414,Declan Rice,eng ENG,MF,Arsenal,27-117,1999,35,34,"3,004",33.4,4,5,9,4,0,0,3,0,0.12,0.15,0.27,0.12,0.27,Matches
415,Chris Richards,us USA,DF,Crystal Palace,26-044,2000,31,30,"2,707",30.1,1,0,1,1,0,0,3,0,0.03,0,0.03,0.03,0.03,Matches
416,Richarlison,br BRA,"FW,MF",Tottenham Hotspur,29-001,1997,29,17,"1,712",19,10,4,14,10,0,0,5,0,0.53,0.21,0.74,0.53,0.74,Matches
417,Chris Rigg,eng ENG,MF,Sunderland,18-327,2007,16,11,746,8.3,1,0,1,1,0,0,1,0,0.12,0,0.12,0.12,0.12,Matches
418,Patrick Roberts,eng ENG,"FW,MF",Sunderland,29-095,1997,1,0,28,0.3,0,0,0,0,0,0,0,0,0,0,0,0,0,Matches
419,Andrew Robertson,sct SCO,DF,Liverpool,32-061,1994,23,10,"1,094",12.2,1,0,1,1,0,0,0,0,0.08,0,0.08,0.08,0.08,Matches
420,Antonee Robinson,us USA,"DF,MF",Fulham,28-276,1997,20,15,"1,312",14.6,0,0,0,0,0,0,4,0,0,0,0,0,0,Matches
421,Kaden Rodney,eng ENG,"DF,MF",Crystal Palace,21-216,2004,1,0,4,0,0,0,0,0,0,0,0,0,0,0,0,0,0,Matches
422,Joe Rodon,wls WAL,DF,Leeds United,28-201,1997,32,30,"2,681",29.8,2,0,2,2,0,0,2,0,0.07,0,0.07,0.07,0.07,Matches
423,Rodri,es ESP,MF,Manchester City,29-323,1996,20,16,"1,421",15.8,1,0,1,1,0,0,2,0,0.06,0,0.06,0.06,0.06,Matches
424,Guido Rodríguez,ar ARG,MF,West Ham United,32-029,1994,6,2,180,2,0,0,0,0,0,0,1,0,0,0,0,0,0,Matches
425,Robin Roefs,nl NED,GK,Sunderland,23-114,2003,33,33,"2,970",33,0,0,0,0,0,0,4,0,0,0,0,0,0,Matches
Rk,Player,Nation,Pos,Squad,Age,Born,MP,Starts,Min,90s,Gls,Ast,G+A,G-PK,PK,PKatt,CrdY,CrdR,Gls,Ast,G+A,G-PK,G+A-PK,Matches
426,Morgan Rogers,eng ENG,MF,Aston Villa,23-289,2002,36,36,"3,190",35.4,9,5,14,9,0,0,7,0,0.25,0.14,0.39,0.25,0.39,Matches
427,Merlin Röhl,de GER,MF,Everton,23-310,2002,14,4,534,5.9,0,0,0,0,0,0,0,0,0,0,0,0,0,Matches
428,Cristian Romero,ar ARG,DF,Tottenham Hotspur,28-014,1998,23,22,"1,868",20.8,4,1,5,4,0,0,11,2,0.19,0.05,0.24,0.19,0.24,Matches
429,James Rowswell,eng ENG,DF,Tottenham Hotspur,19-302,2006,1,0,1,0,0,0,0,0,0,0,0,0,0,0,0,0,0,Matches
430,Georginio Rutter,fr FRA,"MF,FW",Brighton,24-021,2002,30,20,"1,743",19.4,3,3,6,3,0,0,2,0,0.15,0.15,0.31,0.15,0.31,Matches
431,José Sá,pt POR,GK,Wolves,33-114,1993,21,21,"1,890",21,0,0,0,0,0,0,2,0,0,0,0,0,0,Matches
432,Noah Sadiki,cd COD,MF,Sunderland,21-145,2004,31,31,"2,723",30.3,0,1,1,0,0,0,8,0,0,0.03,0.03,0,0.03,Matches
433,Bukayo Saka,eng ENG,"FW,MF",Arsenal,24-248,2001,30,24,"2,132",23.7,7,4,11,6,1,1,2,0,0.3,0.17,0.46,0.25,0.42,Matches
434,Mohamed Salah,eg EGY,MF,Liverpool,33-330,1992,25,22,"2,056",22.8,7,6,13,6,1,1,1,0,0.31,0.26,0.57,0.26,0.53,Matches
435,William Saliba,fr FRA,DF,Arsenal,25-048,2001,30,29,"2,524",28,1,0,1,1,0,0,2,0,0.04,0,0.04,0.04,0.04,Matches
436,Robert Sánchez,es ESP,GK,Chelsea,28-174,1997,33,33,"2,859",31.8,0,1,1,0,0,0,3,1,0,0.03,0.03,0,0.03,Matches
437,Jadon Sancho,eng ENG,MF,Aston Villa,26-047,2000,22,9,875,9.7,0,2,2,0,0,0,0,0,0,0.21,0.21,0,0.21,Matches
438,Ibrahim Sangaré,ci CIV,MF,Nottingham Forest,28-160,1997,26,24,"1,990",22.1,2,2,4,2,0,0,5,0,0.09,0.09,0.18,0.09,0.18,Matches
439,Andrey Santos,br BRA,MF,Chelsea,22-008,2004,26,12,"1,170",13,0,0,0,0,0,0,4,0,0,0,0,0,0,Matches
440,Ismaila Sarr,sn SEN,MF,Crystal Palace,28-075,1998,25,22,"2,009",22.3,8,1,9,6,2,2,2,0,0.36,0.04,0.4,0.27,0.31,Matches
441,Mamadou Sarr,sn SEN,DF,Chelsea,20-255,2005,2,1,92,1,0,0,0,0,0,0,0,0,0,0,0,0,0,Matches
442,Sávio,br BRA,MF,Manchester City,22-031,2004,21,5,618,6.9,0,1,1,0,0,0,2,0,0,0.15,0.15,0,0.15,Matches
443,Nicolò Savona,it ITA,DF,Nottingham Forest,23-053,2003,14,11,"1,028",11.4,2,0,2,2,0,0,2,0,0.18,0,0.18,0.18,0.18,Matches
444,Oliver Scarles,eng ENG,"DF,MF",West Ham United,20-150,2005,13,9,659,7.3,0,0,0,0,0,0,2,0,0,0,0,0,0,Matches
445,Dane Scarlett,eng ENG,FW,Tottenham Hotspur,22-048,2004,2,0,9,0.1,0,0,0,0,0,0,0,0,0,0,0,0,0,Matches
446,Kevin Schade,de GER,"MF,FW",Brentford,24-165,2001,33,31,"2,627",29.2,7,3,10,7,0,1,6,1,0.24,0.1,0.34,0.24,0.34,Matches
447,Fabian Schär,ch SUI,DF,Newcastle United,34-142,1991,16,11,"1,091",12.1,0,0,0,0,0,0,1,0,0,0,0,0,0,Matches
448,Alex Scott,eng ENG,MF,Bournemouth,22-263,2003,36,33,"2,759",30.7,3,1,4,3,0,0,5,0,0.1,0.03,0.13,0.1,0.13,Matches
449,Jenson Seelt,nl NED,DF,Sunderland,22-353,2003,2,1,134,1.5,0,0,0,0,0,0,0,0,0,0,0,0,0,Matches
450,Matz Sels,be BEL,GK,Nottingham Forest,34-074,1992,29,28,"2,488",27.6,0,0,0,0,0,0,2,0,0,0,0,0,0,Matches
Rk,Player,Nation,Pos,Squad,Age,Born,MP,Starts,Min,90s,Gls,Ast,G+A,G-PK,PK,PKatt,CrdY,CrdR,Gls,Ast,G+A,G-PK,G+A-PK,Matches
451,Antoine Semenyo,gh GHA,MF,Bournemouth,26-124,2000,20,20,"1,798",20,10,3,13,9,1,2,6,0,0.5,0.15,0.65,0.45,0.6,Matches
452,Antoine Semenyo,gh GHA,"MF,FW",Manchester City,26-124,2000,14,14,"1,195",13.3,5,1,6,5,0,0,1,0,0.38,0.08,0.45,0.38,0.45,Matches
453,Marcos Senesi,ar ARG,DF,Bournemouth,29-001,1997,35,35,"3,108",34.5,0,5,5,0,0,0,8,0,0,0.14,0.14,0,0.14,Matches
454,Benjamin _e_ko,si SVN,FW,Manchester Utd,22-345,2003,30,17,"1,643",18.3,11,1,12,11,0,0,2,0,0.6,0.05,0.66,0.6,0.66,Matches
455,Ryan Sessegnon,eng ENG,"DF,MF",Fulham,25-358,2000,27,20,"1,823",20.3,3,1,4,3,0,0,0,0,0.15,0.05,0.2,0.15,0.2,Matches
456,Luke Shaw,eng ENG,DF,Manchester Utd,30-303,1995,36,36,"3,048",33.9,0,1,1,0,0,0,8,0,0,0.03,0.03,0,0.03,Matches
457,Bernardo Silva,pt POR,MF,Manchester City,31-274,1994,35,31,"2,681",29.8,2,4,6,2,0,0,10,0,0.07,0.13,0.2,0.07,0.2,Matches
458,Jota Silva,pt POR,FW,Nottingham Forest,26-283,1999,1,0,12,0.1,0,0,0,0,0,0,0,0,0,0,0,0,0,Matches
459,Xavi Simons,nl NED,"MF,FW",Tottenham Hotspur,23-020,2003,28,19,"1,755",19.5,2,5,7,2,0,0,5,1,0.1,0.26,0.36,0.1,0.36,Matches
460,Adam Smith,eng ENG,DF,Bournemouth,35-012,1991,20,12,899,10,0,2,2,0,0,0,3,0,0,0.2,0.2,0,0.2,Matches
461,Emile Smith Rowe,eng ENG,MF,Fulham,25-287,2000,35,20,"1,774",19.7,3,0,3,3,0,0,1,0,0.15,0,0.15,0.15,0.15,Matches
462,Dominic Solanke,eng ENG,FW,Tottenham Hotspur,28-239,1997,15,11,"1,001",11.1,3,0,3,3,0,0,1,0,0.27,0,0.27,0.27,0.27,Matches
463,Julio Soler,ar ARG,DF,Bournemouth,21-084,2005,3,0,35,0.4,0,0,0,0,0,0,0,0,0,0,0,0,0,Matches
464,Oliver Sonne,pe PER,DF,Burnley,25-182,2000,7,1,169,1.9,1,0,1,1,0,0,0,0,0.53,0,0.53,0.53,0.53,Matches
465,Borna Sosa,hr CRO,"DF,MF",Crystal Palace,28-110,1998,7,0,101,1.1,0,0,0,0,0,0,1,0,0,0,0,0,0,Matches
466,Tomá_ Sou_ek,cz CZE,MF,West Ham United,31-073,1995,33,22,"2,048",22.8,5,0,5,5,0,0,2,1,0.22,0,0.22,0.22,0.22,Matches
467,Souza,br BRA,MF,Tottenham Hotspur,19-329,2006,4,2,144,1.6,0,0,0,0,0,0,1,0,0,0,0,0,0,Matches
468,Djed Spence,eng ENG,"DF,MF",Tottenham Hotspur,25-275,2000,27,22,"1,937",21.5,0,0,0,0,0,0,4,0,0,0,0,0,0,Matches
469,Anton Stach,de GER,MF,Leeds United,27-177,1998,27,26,"2,207",24.5,5,3,8,5,0,0,3,0,0.2,0.12,0.33,0.2,0.33,Matches
470,John Stones,eng ENG,DF,Manchester City,31-348,1994,7,4,353,3.9,0,0,0,0,0,0,0,0,0,0,0,0,0,Matches
471,Jørgen Strand Larsen,no NOR,FW,Wolves,26-094,2000,22,14,"1,404",15.6,1,1,2,0,1,2,2,0,0.06,0.06,0.13,0,0.06,Matches
472,Jørgen Strand Larsen,no NOR,FW,Crystal Palace,26-094,2000,11,10,736,8.2,3,0,3,3,0,0,2,0,0.37,0,0.37,0.37,0.37,Matches
473,Pascal Struijk,nl NED,DF,Leeds United,26-273,1999,32,31,"2,791",31,0,1,1,0,0,0,5,0,0,0.03,0.03,0,0.03,Matches
474,Crysencio Summerville,nl NED,"MF,FW",West Ham United,24-193,2001,29,27,"2,290",25.4,5,1,6,5,0,0,6,0,0.2,0.04,0.24,0.2,0.24,Matches
475,Dominik Szoboszlai,hu HUN,"MF,DF",Liverpool,25-198,2000,34,34,"3,051",33.9,6,5,11,6,0,1,8,1,0.18,0.15,0.32,0.18,0.32,Matches
Rk,Player,Nation,Pos,Squad,Age,Born,MP,Starts,Min,90s,Gls,Ast,G+A,G-PK,PK,PKatt,CrdY,CrdR,Gls,Ast,G+A,G-PK,G+A-PK,Matches
476,Jocelin Ta Bi,ci CIV,MF,Sunderland,21-091,2005,1,1,38,0.4,0,0,0,0,0,0,0,0,0,0,0,0,0,Matches
477,Chemsdine Talbi,ma MAR,"MF,FW",Sunderland,21-002,2005,27,16,"1,530",17,4,1,5,4,0,0,0,0,0.24,0.06,0.29,0.24,0.29,Matches
478,Ao Tanaka,jp JPN,MF,Leeds United,27-243,1998,25,11,"1,090",12.1,2,0,2,2,0,0,1,0,0.17,0,0.17,0.17,0.17,Matches
479,James Tarkowski,eng ENG,DF,Everton,33-173,1992,35,35,"3,150",35,2,3,5,2,0,0,7,0,0.06,0.09,0.14,0.06,0.14,Matches
480,Marcus Tavernier,eng ENG,MF,Bournemouth,27-050,1999,32,29,"2,551",28.3,6,4,10,4,2,2,6,0,0.21,0.14,0.35,0.14,0.28,Matches
481,Loum Tchaouna,fr FRA,"MF,FW",Burnley,22-245,2003,27,12,"1,117",12.4,2,0,2,2,0,0,2,0,0.16,0,0.16,0.16,0.16,Matches
482,Jackson Tchatchoua,cm CMR,"MF,DF",Wolves,24-239,2001,31,19,"1,845",20.5,0,1,1,0,0,0,3,0,0,0.05,0.05,0,0.05,Matches
483,Mathys Tel,fr FRA,"MF,FW",Tottenham Hotspur,21-014,2005,28,10,"1,103",12.3,3,1,4,3,0,0,1,0,0.24,0.08,0.33,0.24,0.33,Matches
484,Kenny Tete,nl NED,DF,Fulham,30-214,1995,22,21,"1,791",19.9,1,0,1,1,0,0,2,0,0.05,0,0.05,0.05,0.05,Matches
485,Igor Thiago,br BRA,FW,Brentford,24-319,2001,36,35,"3,102",34.5,22,1,23,14,8,9,7,0,0.64,0.03,0.67,0.41,0.44,Matches
486,Malick Thiaw,de GER,DF,Newcastle United,24-276,2001,33,31,"2,785",30.9,4,0,4,4,0,0,4,0,0.13,0,0.13,0.13,0.13,Matches
487,Youri Tielemans,be BEL,MF,Aston Villa,29-004,1997,23,20,"1,755",19.5,0,4,4,0,0,0,0,0,0,0.21,0.21,0,0.21,Matches
488,Jurriën Timber,nl NED,DF,Arsenal,24-328,2001,30,28,"2,454",27.3,3,5,8,3,0,0,5,0,0.11,0.18,0.29,0.11,0.29,Matches
489,Jean-Clair Todibo,fr FRA,DF,West Ham United,26-132,1999,22,21,"1,789",19.9,0,1,1,0,0,0,5,1,0,0.05,0.05,0,0.05,Matches
490,Sandro Tonali,it ITA,MF,Newcastle United,26-003,2000,34,30,"2,482",27.6,0,2,2,0,0,0,4,0,0,0.07,0.07,0,0.07,Matches
491,Pau Torres,es ESP,DF,Aston Villa,29-115,1997,19,17,"1,568",17.4,0,0,0,0,0,0,1,0,0,0,0,0,0,Matches
492,Alex Tóth,hu HUN,MF,Bournemouth,20-200,2005,8,1,84,0.9,0,0,0,0,0,0,1,0,0,0,0,0,0,Matches
493,James Trafford,eng ENG,GK,Manchester City,23-213,2002,3,3,270,3,0,0,0,0,0,0,0,0,0,0,0,0,0,Matches
494,Adama Traoré,es ESP,"FW,MF",West Ham United,30-106,1996,9,0,121,1.3,0,0,0,0,0,0,1,0,0,0,0,0,0,Matches
495,Adama Traoré,es ESP,MF,Fulham,30-106,1996,15,1,274,3,0,0,0,0,0,0,0,0,0,0,0,0,0,Matches
496,Bertrand Traoré,bf BFA,"MF,FW",Sunderland,30-247,1995,12,9,632,7,1,0,1,1,0,0,1,0,0.14,0,0.14,0.14,0.14,Matches
497,Mike Trésor,be BEL,"FW,MF",Burnley,26-348,1999,6,0,43,0.5,0,0,0,0,0,0,0,0,0,0,0,0,0,Matches
498,Kieran Trippier,eng ENG,DF,Newcastle United,35-234,1990,20,17,"1,502",16.7,0,1,1,0,0,0,3,0,0,0.06,0.06,0,0.06,Matches
499,Leandro Trossard,be BEL,"FW,MF",Arsenal,31-158,1994,30,20,"1,911",21.2,6,6,12,6,0,0,2,0,0.28,0.28,0.57,0.28,0.57,Matches
500,Adrien Truffert,fr FRA,DF,Bournemouth,24-172,2001,36,36,"3,199",35.5,1,3,4,1,0,0,4,0,0.03,0.08,0.11,0.03,0.11,Matches
Rk,Player,Nation,Pos,Squad,Age,Born,MP,Starts,Min,90s,Gls,Ast,G+A,G-PK,PK,PKatt,CrdY,CrdR,Gls,Ast,G+A,G-PK,G+A-PK,Matches
501,Axel Tuanzebe,cd COD,DF,Burnley,28-178,1997,12,12,"1,021",11.3,1,0,1,1,0,0,1,0,0.09,0,0.09,0.09,0.09,Matches
502,Stefanos Tzimas,gr GRE,FW,Brighton,20-125,2006,9,1,139,1.5,1,1,2,1,0,0,0,0,0.65,0.65,1.29,0.65,1.29,Matches
503,Christantus Uche,ng NGA,FW,Crystal Palace,22-357,2003,14,0,173,1.9,0,0,0,0,0,0,0,0,0,0,0,0,0,Matches
504,Destiny Udogie,it ITA,"DF,MF",Tottenham Hotspur,23-164,2002,17,11,"1,098",12.2,0,1,1,0,0,0,3,0,0,0.08,0.08,0,0.08,Matches
505,Manuel Ugarte,uy URU,MF,Manchester Utd,25-030,2001,22,8,887,9.9,0,0,0,0,0,0,1,0,0,0,0,0,0,Matches
506,Lesley Ugochukwu,fr FRA,MF,Burnley,22-046,2004,33,25,"2,192",24.4,3,1,4,3,0,0,3,1,0.12,0.04,0.16,0.12,0.16,Matches
507,Enes Ünal,tr TUR,FW,Bournemouth,29-001,1997,21,0,212,2.4,1,0,1,1,0,0,1,0,0.42,0,0.42,0.42,0.42,Matches
508,Hákon Valdimarsson,is ISL,GK,Brentford,24-210,2001,1,1,90,1,0,0,0,0,0,0,0,0,0,0,0,0,0,Matches
509,Virgil van Dijk,nl NED,DF,Liverpool,34-307,1991,36,36,"3,240",36,4,0,4,4,0,0,4,0,0.11,0,0.11,0.11,0.11,Matches
510,Joël Veltman,nl NED,DF,Brighton,34-116,1992,23,8,993,11,1,0,1,1,0,0,5,0,0.09,0,0.09,0.09,0.09,Matches
511,Micky van de Ven,nl NED,DF,Tottenham Hotspur,25-022,2001,32,32,"2,771",30.8,4,1,5,4,0,0,8,1,0.13,0.03,0.16,0.13,0.16,Matches
512,Bart Verbruggen,nl NED,GK,Brighton,23-266,2002,36,36,"3,240",36,0,0,0,0,0,0,3,0,0,0,0,0,0,Matches
513,Guglielmo Vicario,it ITA,GK,Tottenham Hotspur,29-216,1996,31,31,"2,790",31,0,0,0,0,0,0,1,0,0,0,0,0,0,Matches
514,Kyle Walker,eng ENG,"DF,MF",Burnley,35-348,1990,34,33,"2,916",32.4,0,2,2,0,0,0,9,0,0,0.06,0.06,0,0.06,Matches
515,Kyle Walker-Peters,eng ENG,DF,West Ham United,29-028,1997,22,14,"1,293",14.4,1,0,1,1,0,0,2,0,0.07,0,0.07,0.07,0.07,Matches
516,Aaron Wan-Bissaka,cd COD,"DF,MF",West Ham United,28-166,1997,24,22,"2,019",22.4,0,2,2,0,0,0,4,0,0,0.09,0.09,0,0.09,Matches
517,James Ward-Prowse,eng ENG,MF,West Ham United,31-191,1994,5,5,413,4.6,0,0,0,0,0,0,0,0,0,0,0,0,0,Matches
518,James Ward-Prowse,eng ENG,MF,Burnley,31-191,1994,11,7,655,7.3,0,1,1,0,0,0,1,0,0,0.14,0.14,0,0.14,Matches
519,Ollie Watkins,eng ENG,FW,Aston Villa,30-132,1995,35,31,"2,659",29.5,12,2,14,12,0,0,3,0,0.41,0.07,0.47,0.41,0.47,Matches
520,Tom Watson,eng ENG,MF,Brighton,20-033,2006,6,0,62,0.7,0,0,0,0,0,0,1,0,0,0,0,0,0,Matches
521,Max Weiß,de GER,GK,Burnley,21-330,2004,1,1,90,1,0,0,0,0,0,0,0,0,0,0,0,0,0,Matches
522,Danny Welbeck,eng ENG,FW,Brighton,35-166,1990,35,24,"2,136",23.7,13,1,14,12,1,3,5,0,0.55,0.04,0.59,0.51,0.55,Matches
523,Adam Wharton,eng ENG,MF,Crystal Palace,22-094,2004,31,28,"2,415",26.8,0,5,5,0,0,0,6,1,0,0.19,0.19,0,0.19,Matches
524,Ben White,eng ENG,DF,Arsenal,28-215,1997,12,9,702,7.8,0,1,1,0,0,0,0,0,0,0.13,0.13,0,0.13,Matches
525,Mats Wieffer,nl NED,DF,Brighton,26-176,1999,25,22,"1,813",20.1,2,3,5,2,0,0,8,0,0.1,0.15,0.25,0.1,0.25,Matches
Rk,Player,Nation,Pos,Squad,Age,Born,MP,Starts,Min,90s,Gls,Ast,G+A,G-PK,PK,PKatt,CrdY,CrdR,Gls,Ast,G+A,G-PK,G+A-PK,Matches
526,Neco Williams,wls WAL,DF,Nottingham Forest,25-028,2001,35,34,"3,024",33.6,2,3,5,2,0,0,6,1,0.06,0.09,0.15,0.06,0.15,Matches
527,Estêvão Willian,br BRA,MF,Chelsea,19-017,2007,22,12,848,9.4,2,2,4,2,0,0,4,0,0.21,0.21,0.42,0.21,0.42,Matches
528,Joe Willock,eng ENG,MF,Newcastle United,26-264,1999,22,9,855,9.5,0,1,1,0,0,0,3,0,0,0.11,0.11,0,0.11,Matches
529,Callum Wilson,eng ENG,"FW,MF",West Ham United,34-073,1992,30,10,"1,116",12.4,6,1,7,6,0,0,1,0,0.48,0.08,0.56,0.48,0.56,Matches
530,Harry Wilson,wls WAL,MF,Fulham,29-050,1997,34,32,"2,642",29.4,10,6,16,10,0,0,7,0,0.34,0.2,0.55,0.34,0.55,Matches
531,Ben Winterburn,eng ENG,MF,Bournemouth,21-249,2004,1,0,7,0.1,0,0,0,0,0,0,0,0,0,0,0,0,0,Matches
532,Florian Wirtz,de GER,MF,Liverpool,23-008,2003,31,27,"2,335",25.9,5,3,8,5,0,0,1,0,0.19,0.12,0.31,0.19,0.31,Matches
533,Yoane Wissa,cd COD,FW,Newcastle United,29-250,1996,17,4,500,5.6,1,0,1,1,0,0,2,0,0.18,0,0.18,0.18,0.18,Matches
534,Nick Woltemade,de GER,"FW,MF",Newcastle United,24-086,2002,31,22,"1,752",19.5,7,3,10,6,1,1,0,0,0.36,0.15,0.51,0.31,0.46,Matches
535,Chris Wood,nz NZL,FW,Nottingham Forest,34-155,1991,13,9,771,8.6,3,0,3,3,0,0,0,0,0.35,0,0.35,0.35,0.35,Matches
536,Freddie Woodman,eng ENG,GK,Liverpool,29-068,1997,3,2,213,2.4,0,0,0,0,0,0,0,0,0,0,0,0,0,Matches
537,Joe Worrall,eng ENG,DF,Burnley,29-121,1997,11,5,500,5.6,0,0,0,0,0,0,0,0,0,0,0,0,0,Matches
538,Granit Xhaka,ch SUI,MF,Sunderland,33-226,1992,32,30,"2,724",30.3,1,6,7,1,0,0,7,0,0.03,0.2,0.23,0.03,0.23,Matches
539,Yehor Yarmoliuk,ua UKR,MF,Brentford,22-071,2004,36,29,"2,571",28.6,1,2,3,1,0,0,7,0,0.04,0.07,0.11,0.04,0.11,Matches
540,Ryan Yates,eng ENG,MF,Nottingham Forest,28-171,1997,21,2,591,6.6,0,2,2,0,0,0,3,0,0,0.3,0.3,0,0.3,Matches
541,Leny Yoro,fr FRA,DF,Manchester Utd,20-179,2005,31,18,"1,723",19.1,0,0,0,0,0,0,1,0,0,0,0,0,0,Matches
542,Oleksandr Zinchenko,ua UKR,DF,Nottingham Forest,29-147,1996,5,4,353,3.9,0,0,0,0,0,0,0,0,0,0,0,0,0,Matches
543,Joshua Zirkzee,nl NED,"FW,MF",Manchester Utd,24-354,2001,22,5,598,6.6,2,1,3,2,0,0,3,0,0.3,0.15,0.45,0.3,0.45,Matches
544,Martín Zubimendi,es ESP,MF,Arsenal,27-098,1999,36,33,"2,901",32.2,5,1,6,5,0,0,4,0,0.16,0.03,0.19,0.16,0.19,Matches
545,Martin Ødegaard,,,,,,,,,,,,,,,,,,,,,,,